#########################################################################################################################################
#########################################################################################################################################
#########################################################################################################################################
#########################################################################################################################################
#########################################################################################################################################
DynamicSDDiP.jl (c) Christian Füllner, 2021
re-uses code from SDDP.jl (c) Oscar Dowson, 2017-21
||||||||||||||||||||||||||||||||||||||||||||||||||||||||||||||||||||||||||||||||||||||||||||||||||||||||||||||||||||||||||||||||||||||||
PATH
calling 
C:\Users\cg4102\.julia\packages\DynamicSDDiP\2lhpi\src
nothing
DATETIME
2024-09-23T19:32:42.518
||||||||||||||||||||||||||||||||||||||||||||||||||||||||||||||||||||||||||||||||||||||||||||||||||||||||||||||||||||||||||||||||||||||||
STOPPING RULES
SDDP.TimeLimit(14400.0)
SDDP.BoundStalling(20, 0.0001)
||||||||||||||||||||||||||||||||||||||||||||||||||||||||||||||||||||||||||||||||||||||||||||||||||||||||||||||||||||||||||||||||||||||||
REGULARIZATION
DynamicSDDiP.NoRegularization()
||||||||||||||||||||||||||||||||||||||||||||||||||||||||||||||||||||||||||||||||||||||||||||||||||||||||||||||||||||||||||||||||||||||||
CUT GENERATION REGIMES
DynamicSDDiP.CutGenerationRegime(DynamicSDDiP.NoStateApproximation(), DynamicSDDiP.LinearDuality(), 1, Inf, Inf, 0.0, true, 0.0001)

||||||||||||||||||||||||||||||||||||||||||||||||||||||||||||||||||||||||||||||||||||||||||||||||||||||||||||||||||||||||||||||||||||||||
CUT AGGREGATION
DynamicSDDiP.SingleCutRegime()
||||||||||||||||||||||||||||||||||||||||||||||||||||||||||||||||||||||||||||||||||||||||||||||||||||||||||||||||||||||||||||||||||||||||
CUT SELECTION
DynamicSDDiP.NoCutSelection()
||||||||||||||||||||||||||||||||||||||||||||||||||||||||||||||||||||||||||||||||||||||||||||||||||||||||||||||||||||||||||||||||||||||||
LATE BINARIZATION
DynamicSDDiP.NoLateBinarization()
||||||||||||||||||||||||||||||||||||||||||||||||||||||||||||||||||||||||||||||||||||||||||||||||||||||||||||||||||||||||||||||||||||||||
APPLIED SOLVERS (LP, MILP, MIQCP, MINLP, NLP, Lagrange)
DynamicSDDiP.AppliedSolvers(true, "Gurobi", "Gurobi", "Gurobi", "Gurobi", "Gurobi", "Gurobi", "Gurobi", "Gurobi", "Gurobi", 0.0001, 300)
DynamicSDDiP.Direct_Solver()
Numerical focus: false
Silent: true
||||||||||||||||||||||||||||||||||||||||||||||||||||||||||||||||||||||||||||||||||||||||||||||||||||||||||||||||||||||||||||||||||||||||
SAMPLING
Used seed for sampling scenarios: 
11111     
||||||||||||||||||||||||||||||||||||||||||||||||||||||||||||||||||||||||||||||||||||||||||||||||||||||||||||||||||||||||||||||||||||||||
RUN DESCRIPTION

||||||||||||||||||||||||||||||||||||||||||||||||||||||||||||||||||||||||||||||||||||||||||||||||||||||||||||||||||||||||||||||||||||||||
PROBLEM DESCRIPTION
Number of stages: 100
Number of realizations per stage: 20
Seed for scenario tree sampling: 12345
Solver: serial mode

────────────────────────────────────────────────────────────────────────────────────────────────────────────────────────────────────────────────────────────────────────────────────────────────────────
It.#               UB        Best UB             LB       Gap           Time        It_Time           Refinements                            #Var.   #Constr.             #Cuts       Lagrangian Dual                                               
                                                          [%]            [s]            [s]          σ       Bin.      Total      {0,1}          ℤ      Total    Total   Active      # It.    # C-It.  # C-Real.  
────────────────────────────────────────────────────────────────────────────────────────────────────────────────────────────────────────────────────────────────────────────────────────────────────────
1        7.872916e+04   7.872916e+04   5.450197e+04    0.3077   2.214000e+01   2.214000e+01      false       none        882         48        800         48       99       99          0          0          0
2        7.796655e+04   7.796655e+04   5.456803e+04    0.3001   3.929600e+01   1.715600e+01      false       none        882         48        800         48      198      198          0          0          0
3        8.100603e+04   7.796655e+04   5.466442e+04    0.2989   5.928100e+01   1.998500e+01      false       none        882         48        800         48      297      297          0          0          0
4        8.047089e+04   7.796655e+04   5.472927e+04    0.2980   7.799900e+01   1.871800e+01      false       none        882         48        800         48      396      396          0          0          0
5        8.077302e+04   7.796655e+04   5.473659e+04    0.2979   9.784300e+01   1.984400e+01      false       none        882         48        800         48      495      495          0          0          0
6        7.760468e+04   7.760468e+04   5.474821e+04    0.2945   1.172650e+02   1.942200e+01      false       none        882         48        800         48      594      594          0          0          0
7        7.617400e+04   7.617400e+04   5.478754e+04    0.2808   1.359370e+02   1.867200e+01      false       none        882         48        800         48      693      693          0          0          0
8        7.886971e+04   7.617400e+04   5.479338e+04    0.2807   1.553900e+02   1.945300e+01      false       none        882         48        800         48      792      792          0          0          0
9        7.865832e+04   7.617400e+04   5.481052e+04    0.2805   1.767040e+02   2.131400e+01      false       none        882         48        800         48      891      891          0          0          0
10       7.864142e+04   7.617400e+04   5.481961e+04    0.2803   1.963760e+02   1.967200e+01      false       none        882         48        800         48      990      990          0          0          0
11       7.887177e+04   7.617400e+04   5.486350e+04    0.2798   2.169540e+02   2.057800e+01      false       none        882         48        800         48     1089     1089          0          0          0
12       8.083334e+04   7.617400e+04   5.487013e+04    0.2797   2.370320e+02   2.007800e+01      false       none        882         48        800         48     1188     1188          0          0          0
13       7.964353e+04   7.617400e+04   5.490436e+04    0.2792   2.578920e+02   2.086000e+01      false       none        882         48        800         48     1287     1287          0          0          0
14       7.855246e+04   7.617400e+04   5.492131e+04    0.2790   2.777980e+02   1.990600e+01      false       none        882         48        800         48     1386     1386          0          0          0
15       7.987764e+04   7.617400e+04   5.493633e+04    0.2788   2.978760e+02   2.007800e+01      false       none        882         48        800         48     1485     1485          0          0          0
16       7.918861e+04   7.617400e+04   5.495565e+04    0.2786   3.182820e+02   2.040600e+01      false       none        882         48        800         48     1584     1584          0          0          0
17       7.974073e+04   7.617400e+04   5.496720e+04    0.2784   3.386880e+02   2.040600e+01      false       none        882         48        800         48     1683     1683          0          0          0
18       7.724298e+04   7.617400e+04   5.498248e+04    0.2782   3.588290e+02   2.014100e+01      false       none        882         48        800         48     1782     1782          0          0          0
19       7.781008e+04   7.617400e+04   5.502310e+04    0.2777   3.791100e+02   2.028100e+01      false       none        882         48        800         48     1881     1881          0          0          0
20       7.845309e+04   7.617400e+04   5.503616e+04    0.2775   3.996730e+02   2.056300e+01      false       none        882         48        800         48     1980     1980          0          0          0
21       8.038052e+04   7.617400e+04   5.504991e+04    0.2773   4.206570e+02   2.098400e+01      false       none        882         48        800         48     2079     2079          0          0          0
22       7.873873e+04   7.617400e+04   5.507889e+04    0.2769   4.410320e+02   2.037500e+01      false       none        882         48        800         48     2178     2178          0          0          0
23       7.910326e+04   7.617400e+04   5.508152e+04    0.2769   4.621730e+02   2.114100e+01      false       none        882         48        800         48     2277     2277          0          0          0
24       7.743429e+04   7.617400e+04   5.508604e+04    0.2768   4.823760e+02   2.020300e+01      false       none        882         48        800         48     2376     2376          0          0          0
25       7.834453e+04   7.617400e+04   5.511083e+04    0.2765   5.038610e+02   2.148500e+01      false       none        882         48        800         48     2475     2475          0          0          0
26       7.757669e+04   7.617400e+04   5.512526e+04    0.2763   5.247200e+02   2.085900e+01      false       none        882         48        800         48     2574     2574          0          0          0
27       7.873825e+04   7.617400e+04   5.513979e+04    0.2761   5.452200e+02   2.050000e+01      false       none        882         48        800         48     2673     2673          0          0          0
28       7.904126e+04   7.617400e+04   5.514754e+04    0.2760   5.657670e+02   2.054700e+01      false       none        882         48        800         48     2772     2772          0          0          0
29       8.084556e+04   7.617400e+04   5.519475e+04    0.2754   5.873450e+02   2.157800e+01      false       none        882         48        800         48     2871     2871          0          0          0
30       7.995575e+04   7.617400e+04   5.520210e+04    0.2753   6.081730e+02   2.082800e+01      false       none        882         48        800         48     2970     2970          0          0          0
31       7.994750e+04   7.617400e+04   5.520110e+04    0.2753   6.285010e+02   2.032800e+01      false       none        882         48        800         48     3069     3069          0          0          0
32       7.816572e+04   7.617400e+04   5.521215e+04    0.2752   6.492360e+02   2.073500e+01      false       none        882         48        800         48     3168     3168          0          0          0
33       7.889100e+04   7.617400e+04   5.525803e+04    0.2746   6.699550e+02   2.071900e+01      false       none        882         48        800         48     3267     3267          0          0          0
34       7.848428e+04   7.617400e+04   5.526664e+04    0.2745   6.911730e+02   2.121800e+01      false       none        882         48        800         48     3366     3366          0          0          0
35       7.959718e+04   7.617400e+04   5.527104e+04    0.2744   7.126890e+02   2.151600e+01      false       none        882         48        800         48     3465     3465          0          0          0
36       7.879949e+04   7.617400e+04   5.529502e+04    0.2741   7.333920e+02   2.070300e+01      false       none        882         48        800         48     3564     3564          0          0          0
37       7.877468e+04   7.617400e+04   5.535374e+04    0.2733   7.544700e+02   2.107800e+01      false       none        882         48        800         48     3663     3663          0          0          0
38       7.696069e+04   7.617400e+04   5.535654e+04    0.2733   7.750020e+02   2.053200e+01      false       none        882         48        800         48     3762     3762          0          0          0
39       7.949665e+04   7.617400e+04   5.536320e+04    0.2732   7.962360e+02   2.123400e+01      false       none        882         48        800         48     3861     3861          0          0          0
40       7.849755e+04   7.617400e+04   5.538343e+04    0.2729   8.166740e+02   2.043800e+01      false       none        882         48        800         48     3960     3960          0          0          0
41       8.029189e+04   7.617400e+04   5.540564e+04    0.2726   8.381580e+02   2.148400e+01      false       none        882         48        800         48     4059     4059          0          0          0
42       7.776954e+04   7.617400e+04   5.542976e+04    0.2723   8.592360e+02   2.107800e+01      false       none        882         48        800         48     4158     4158          0          0          0
43       8.097683e+04   7.617400e+04   5.544376e+04    0.2721   8.812670e+02   2.203100e+01      false       none        882         48        800         48     4257     4257          0          0          0
44       7.856580e+04   7.617400e+04   5.545342e+04    0.2720   9.024390e+02   2.117200e+01      false       none        882         48        800         48     4356     4356          0          0          0
45       7.901179e+04   7.617400e+04   5.547032e+04    0.2718   9.237990e+02   2.136000e+01      false       none        882         48        800         48     4455     4455          0          0          0
46       8.233597e+04   7.617400e+04   5.547121e+04    0.2718   9.454390e+02   2.164000e+01      false       none        882         48        800         48     4554     4554          0          0          0
47       8.001443e+04   7.617400e+04   5.547553e+04    0.2717   9.675490e+02   2.211000e+01      false       none        882         48        800         48     4653     4653          0          0          0
48       7.582214e+04   7.582214e+04   5.549575e+04    0.2681   9.876110e+02   2.006200e+01      false       none        882         48        800         48     4752     4752          0          0          0
49       7.987084e+04   7.582214e+04   5.550062e+04    0.2680   1.008549e+03   2.093800e+01      false       none        882         48        800         48     4851     4851          0          0          0
50       7.899142e+04   7.582214e+04   5.551567e+04    0.2678   1.030002e+03   2.145300e+01      false       none        882         48        800         48     4950     4950          0          0          0
51       7.915994e+04   7.582214e+04   5.556075e+04    0.2672   1.051252e+03   2.125000e+01      false       none        882         48        800         48     5049     5049          0          0          0
52       7.973390e+04   7.582214e+04   5.556325e+04    0.2672   1.072049e+03   2.079700e+01      false       none        882         48        800         48     5148     5148          0          0          0
53       7.654550e+04   7.582214e+04   5.558148e+04    0.2669   1.092033e+03   1.998400e+01      false       none        882         48        800         48     5247     5247          0          0          0
54       8.083743e+04   7.582214e+04   5.558593e+04    0.2669   1.113721e+03   2.168800e+01      false       none        882         48        800         48     5346     5346          0          0          0
55       7.874282e+04   7.582214e+04   5.559990e+04    0.2667   1.134814e+03   2.109300e+01      false       none        882         48        800         48     5445     5445          0          0          0
56       7.823720e+04   7.582214e+04   5.560988e+04    0.2666   1.154299e+03   1.948500e+01      false       none        882         48        800         48     5544     5544          0          0          0
57       7.984222e+04   7.582214e+04   5.562123e+04    0.2664   1.175096e+03   2.079700e+01      false       none        882         48        800         48     5643     5643          0          0          0
58       7.825091e+04   7.582214e+04   5.564518e+04    0.2661   1.194908e+03   1.981200e+01      false       none        882         48        800         48     5742     5742          0          0          0
59       7.821086e+04   7.582214e+04   5.566228e+04    0.2659   1.214721e+03   1.981300e+01      false       none        882         48        800         48     5841     5841          0          0          0
60       7.906941e+04   7.582214e+04   5.566645e+04    0.2658   1.235938e+03   2.121700e+01      false       none        882         48        800         48     5940     5940          0          0          0
61       7.860634e+04   7.582214e+04   5.567620e+04    0.2657   1.257173e+03   2.123500e+01      false       none        882         48        800         48     6039     6039          0          0          0
62       7.942284e+04   7.582214e+04   5.570574e+04    0.2653   1.278251e+03   2.107800e+01      false       none        882         48        800         48     6138     6138          0          0          0
63       7.959131e+04   7.582214e+04   5.570399e+04    0.2653   1.299673e+03   2.142200e+01      false       none        882         48        800         48     6237     6237          0          0          0
64       7.817971e+04   7.582214e+04   5.571397e+04    0.2652   1.320173e+03   2.050000e+01      false       none        882         48        800         48     6336     6336          0          0          0
65       8.010487e+04   7.582214e+04   5.572323e+04    0.2651   1.340845e+03   2.067200e+01      false       none        882         48        800         48     6435     6435          0          0          0
66       7.964466e+04   7.582214e+04   5.573437e+04    0.2649   1.361470e+03   2.062500e+01      false       none        882         48        800         48     6534     6534          0          0          0
67       7.742748e+04   7.582214e+04   5.575382e+04    0.2647   1.382095e+03   2.062500e+01      false       none        882         48        800         48     6633     6633          0          0          0
68       7.814697e+04   7.582214e+04   5.577959e+04    0.2643   1.402188e+03   2.009300e+01      false       none        882         48        800         48     6732     6732          0          0          0
69       8.133824e+04   7.582214e+04   5.578264e+04    0.2643   1.423688e+03   2.150000e+01      false       none        882         48        800         48     6831     6831          0          0          0
70       7.747045e+04   7.582214e+04   5.579129e+04    0.2642   1.444032e+03   2.034400e+01      false       none        882         48        800         48     6930     6930          0          0          0
71       7.884032e+04   7.582214e+04   5.584087e+04    0.2635   1.465064e+03   2.103200e+01      false       none        882         48        800         48     7029     7029          0          0          0
72       7.717902e+04   7.582214e+04   5.584524e+04    0.2635   1.485235e+03   2.017100e+01      false       none        882         48        800         48     7128     7128          0          0          0
73       7.945377e+04   7.582214e+04   5.585123e+04    0.2634   1.506517e+03   2.128200e+01      false       none        882         48        800         48     7227     7227          0          0          0
74       8.084581e+04   7.582214e+04   5.587095e+04    0.2631   1.528157e+03   2.164000e+01      false       none        882         48        800         48     7326     7326          0          0          0
75       7.962661e+04   7.582214e+04   5.588693e+04    0.2629   1.548907e+03   2.075000e+01      false       none        882         48        800         48     7425     7425          0          0          0
76       7.884939e+04   7.582214e+04   5.590037e+04    0.2627   1.569298e+03   2.039100e+01      false       none        882         48        800         48     7524     7524          0          0          0
77       7.730737e+04   7.582214e+04   5.592742e+04    0.2624   1.590782e+03   2.148400e+01      false       none        882         48        800         48     7623     7623          0          0          0
78       7.784065e+04   7.582214e+04   5.594921e+04    0.2621   1.610439e+03   1.965700e+01      false       none        882         48        800         48     7722     7722          0          0          0
79       7.788267e+04   7.582214e+04   5.595495e+04    0.2620   1.630954e+03   2.051500e+01      false       none        882         48        800         48     7821     7821          0          0          0
80       7.724478e+04   7.582214e+04   5.596136e+04    0.2619   1.651064e+03   2.011000e+01      false       none        882         48        800         48     7920     7920          0          0          0
81       7.988952e+04   7.582214e+04   5.599212e+04    0.2615   1.672329e+03   2.126500e+01      false       none        882         48        800         48     8019     8019          0          0          0
82       7.955934e+04   7.582214e+04   5.599160e+04    0.2615   1.693158e+03   2.082900e+01      false       none        882         48        800         48     8118     8118          0          0          0
83       7.906021e+04   7.582214e+04   5.600756e+04    0.2613   1.713986e+03   2.082800e+01      false       none        882         48        800         48     8217     8217          0          0          0
84       7.748254e+04   7.582214e+04   5.601280e+04    0.2613   1.734814e+03   2.082800e+01      false       none        882         48        800         48     8316     8316          0          0          0
85       7.947016e+04   7.582214e+04   5.602461e+04    0.2611   1.755376e+03   2.056200e+01      false       none        882         48        800         48     8415     8415          0          0          0
86       7.755578e+04   7.582214e+04   5.604133e+04    0.2609   1.776751e+03   2.137500e+01      false       none        882         48        800         48     8514     8514          0          0          0
87       8.095914e+04   7.582214e+04   5.607261e+04    0.2605   1.799017e+03   2.226600e+01      false       none        882         48        800         48     8613     8613          0          0          0
88       8.068585e+04   7.582214e+04   5.607971e+04    0.2604   1.820470e+03   2.145300e+01      false       none        882         48        800         48     8712     8712          0          0          0
89       7.922474e+04   7.582214e+04   5.608401e+04    0.2603   1.842283e+03   2.181300e+01      false       none        882         48        800         48     8811     8811          0          0          0
90       7.843920e+04   7.582214e+04   5.609195e+04    0.2602   1.863955e+03   2.167200e+01      false       none        882         48        800         48     8910     8910          0          0          0
91       7.970836e+04   7.582214e+04   5.609425e+04    0.2602   1.885767e+03   2.181200e+01      false       none        882         48        800         48     9009     9009          0          0          0
92       7.681395e+04   7.582214e+04   5.610703e+04    0.2600   1.906533e+03   2.076600e+01      false       none        882         48        800         48     9108     9108          0          0          0
93       7.846607e+04   7.582214e+04   5.614822e+04    0.2595   1.926877e+03   2.034400e+01      false       none        882         48        800         48     9207     9207          0          0          0
94       7.941485e+04   7.582214e+04   5.615050e+04    0.2594   1.947580e+03   2.070300e+01      false       none        882         48        800         48     9306     9306          0          0          0
95       7.889622e+04   7.582214e+04   5.615861e+04    0.2593   1.968408e+03   2.082800e+01      false       none        882         48        800         48     9405     9405          0          0          0
96       7.683415e+04   7.582214e+04   5.617020e+04    0.2592   1.988705e+03   2.029700e+01      false       none        882         48        800         48     9504     9504          0          0          0
97       7.838250e+04   7.582214e+04   5.618039e+04    0.2591   2.009486e+03   2.078100e+01      false       none        882         48        800         48     9603     9603          0          0          0
98       7.723648e+04   7.582214e+04   5.619417e+04    0.2589   2.030923e+03   2.143700e+01      false       none        882         48        800         48     9702     9702          0          0          0
99       7.805650e+04   7.582214e+04   5.619901e+04    0.2588   2.052267e+03   2.134400e+01      false       none        882         48        800         48     9801     9801          0          0          0
100      7.903602e+04   7.582214e+04   5.623505e+04    0.2583   2.073658e+03   2.139100e+01      false       none        882         48        800         48     9900     9900          0          0          0
101      7.962551e+04   7.582214e+04   5.626122e+04    0.2580   2.094798e+03   2.114000e+01      false       none        882         48        800         48     9999     9999          0          0          0
102      7.799100e+04   7.582214e+04   5.627106e+04    0.2579   2.115877e+03   2.107900e+01      false       none        882         48        800         48    10098    10098          0          0          0
103      7.892201e+04   7.582214e+04   5.628066e+04    0.2577   2.137736e+03   2.185900e+01      false       none        882         48        800         48    10197    10197          0          0          0
104      7.778655e+04   7.582214e+04   5.627642e+04    0.2578   2.159017e+03   2.128100e+01      false       none        882         48        800         48    10296    10296          0          0          0
105      7.732126e+04   7.582214e+04   5.628934e+04    0.2576   2.180267e+03   2.125000e+01      false       none        882         48        800         48    10395    10395          0          0          0
106      8.040052e+04   7.582214e+04   5.630674e+04    0.2574   2.201549e+03   2.128200e+01      false       none        882         48        800         48    10494    10494          0          0          0
107      7.791117e+04   7.582214e+04   5.631847e+04    0.2572   2.222767e+03   2.121800e+01      false       none        882         48        800         48    10593    10593          0          0          0
108      7.896881e+04   7.582214e+04   5.634201e+04    0.2569   2.243549e+03   2.078200e+01      false       none        882         48        800         48    10692    10692          0          0          0
109      7.970223e+04   7.582214e+04   5.634942e+04    0.2568   2.265252e+03   2.170300e+01      false       none        882         48        800         48    10791    10791          0          0          0
110      7.854280e+04   7.582214e+04   5.637065e+04    0.2565   2.286142e+03   2.089000e+01      false       none        882         48        800         48    10890    10890          0          0          0
111      7.913870e+04   7.582214e+04   5.637946e+04    0.2564   2.307721e+03   2.157900e+01      false       none        882         48        800         48    10989    10989          0          0          0
112      7.968621e+04   7.582214e+04   5.640548e+04    0.2561   2.328424e+03   2.070300e+01      false       none        882         48        800         48    11088    11088          0          0          0
113      7.994668e+04   7.582214e+04   5.641152e+04    0.2560   2.350361e+03   2.193700e+01      false       none        882         48        800         48    11187    11187          0          0          0
114      7.801102e+04   7.582214e+04   5.641797e+04    0.2559   2.371533e+03   2.117200e+01      false       none        882         48        800         48    11286    11286          0          0          0
115      7.918596e+04   7.582214e+04   5.642714e+04    0.2558   2.393439e+03   2.190600e+01      false       none        882         48        800         48    11385    11385          0          0          0
116      7.921556e+04   7.582214e+04   5.643628e+04    0.2557   2.415424e+03   2.198500e+01      false       none        882         48        800         48    11484    11484          0          0          0
117      7.747159e+04   7.582214e+04   5.645244e+04    0.2555   2.437096e+03   2.167200e+01      false       none        882         48        800         48    11583    11583          0          0          0
118      8.061023e+04   7.582214e+04   5.646419e+04    0.2553   2.459408e+03   2.231200e+01      false       none        882         48        800         48    11682    11682          0          0          0
119      7.851142e+04   7.582214e+04   5.647299e+04    0.2552   2.481924e+03   2.251600e+01      false       none        882         48        800         48    11781    11781          0          0          0
120      7.804617e+04   7.582214e+04   5.648240e+04    0.2551   2.503158e+03   2.123400e+01      false       none        882         48        800         48    11880    11880          0          0          0
121      7.973853e+04   7.582214e+04   5.648677e+04    0.2550   2.524346e+03   2.118800e+01      false       none        882         48        800         48    11979    11979          0          0          0
122      7.849388e+04   7.582214e+04   5.651722e+04    0.2546   2.545908e+03   2.156200e+01      false       none        882         48        800         48    12078    12078          0          0          0
123      7.867326e+04   7.582214e+04   5.651966e+04    0.2546   2.566815e+03   2.090700e+01      false       none        882         48        800         48    12177    12177          0          0          0
124      7.758034e+04   7.582214e+04   5.652580e+04    0.2545   2.588221e+03   2.140600e+01      false       none        882         48        800         48    12276    12276          0          0          0
125      7.581395e+04   7.581395e+04   5.653004e+04    0.2544   2.608799e+03   2.057800e+01      false       none        882         48        800         48    12375    12375          0          0          0
126      7.912874e+04   7.581395e+04   5.655234e+04    0.2541   2.630721e+03   2.192200e+01      false       none        882         48        800         48    12474    12474          0          0          0
127      7.930593e+04   7.581395e+04   5.658497e+04    0.2536   2.652346e+03   2.162500e+01      false       none        882         48        800         48    12573    12573          0          0          0
128      7.994410e+04   7.581395e+04   5.658580e+04    0.2536   2.674565e+03   2.221900e+01      false       none        882         48        800         48    12672    12672          0          0          0
129      7.838858e+04   7.581395e+04   5.660880e+04    0.2533   2.696174e+03   2.160900e+01      false       none        882         48        800         48    12771    12771          0          0          0
130      7.905082e+04   7.581395e+04   5.662815e+04    0.2531   2.717799e+03   2.162500e+01      false       none        882         48        800         48    12870    12870          0          0          0
131      7.905978e+04   7.581395e+04   5.663676e+04    0.2530   2.740002e+03   2.220300e+01      false       none        882         48        800         48    12969    12969          0          0          0
132      7.896592e+04   7.581395e+04   5.665394e+04    0.2527   2.761971e+03   2.196900e+01      false       none        882         48        800         48    13068    13068          0          0          0
133      8.105379e+04   7.581395e+04   5.667828e+04    0.2524   2.785252e+03   2.328100e+01      false       none        882         48        800         48    13167    13167          0          0          0
134      7.932166e+04   7.581395e+04   5.668061e+04    0.2524   2.807581e+03   2.232900e+01      false       none        882         48        800         48    13266    13266          0          0          0
135      7.727026e+04   7.581395e+04   5.668653e+04    0.2523   2.829331e+03   2.175000e+01      false       none        882         48        800         48    13365    13365          0          0          0
136      7.993932e+04   7.581395e+04   5.669849e+04    0.2521   2.851549e+03   2.221800e+01      false       none        882         48        800         48    13464    13464          0          0          0
137      7.795782e+04   7.581395e+04   5.670186e+04    0.2521   2.873549e+03   2.200000e+01      false       none        882         48        800         48    13563    13563          0          0          0
138      7.841775e+04   7.581395e+04   5.671387e+04    0.2519   2.895081e+03   2.153200e+01      false       none        882         48        800         48    13662    13662          0          0          0
139      7.853375e+04   7.581395e+04   5.673046e+04    0.2517   2.917221e+03   2.214000e+01      false       none        882         48        800         48    13761    13761          0          0          0
140      7.861779e+04   7.581395e+04   5.675275e+04    0.2514   2.939534e+03   2.231300e+01      false       none        882         48        800         48    13860    13860          0          0          0
141      8.014711e+04   7.581395e+04   5.675973e+04    0.2513   2.962393e+03   2.285900e+01      false       none        882         48        800         48    13959    13959          0          0          0
142      7.870147e+04   7.581395e+04   5.675664e+04    0.2514   2.984737e+03   2.234400e+01      false       none        882         48        800         48    14058    14058          0          0          0
143      7.752138e+04   7.581395e+04   5.679414e+04    0.2509   3.006909e+03   2.217200e+01      false       none        882         48        800         48    14157    14157          0          0          0
144      8.077839e+04   7.581395e+04   5.679273e+04    0.2509   3.029299e+03   2.239000e+01      false       none        882         48        800         48    14256    14256          0          0          0
145      8.086492e+04   7.581395e+04   5.679852e+04    0.2508   3.052690e+03   2.339100e+01      false       none        882         48        800         48    14355    14355          0          0          0
146      7.888336e+04   7.581395e+04   5.680943e+04    0.2507   3.075878e+03   2.318800e+01      false       none        882         48        800         48    14454    14454          0          0          0
147      7.765107e+04   7.581395e+04   5.681570e+04    0.2506   3.098284e+03   2.240600e+01      false       none        882         48        800         48    14553    14553          0          0          0
148      7.755113e+04   7.581395e+04   5.682694e+04    0.2504   3.121081e+03   2.279700e+01      false       none        882         48        800         48    14652    14652          0          0          0
149      7.689962e+04   7.581395e+04   5.683083e+04    0.2504   3.143003e+03   2.192200e+01      false       none        882         48        800         48    14751    14751          0          0          0
150      7.760156e+04   7.581395e+04   5.684480e+04    0.2502   3.164143e+03   2.114000e+01      false       none        882         48        800         48    14850    14850          0          0          0
151      7.914301e+04   7.581395e+04   5.687420e+04    0.2498   3.186112e+03   2.196900e+01      false       none        882         48        800         48    14949    14949          0          0          0
152      7.993584e+04   7.581395e+04   5.689285e+04    0.2496   3.208331e+03   2.221900e+01      false       none        882         48        800         48    15048    15048          0          0          0
153      7.850810e+04   7.581395e+04   5.689948e+04    0.2495   3.230565e+03   2.223400e+01      false       none        882         48        800         48    15147    15147          0          0          0
154      7.995627e+04   7.581395e+04   5.690099e+04    0.2495   3.254206e+03   2.364100e+01      false       none        882         48        800         48    15246    15246          0          0          0
155      7.912521e+04   7.581395e+04   5.690378e+04    0.2494   3.276909e+03   2.270300e+01      false       none        882         48        800         48    15345    15345          0          0          0
156      7.903804e+04   7.581395e+04   5.693767e+04    0.2490   3.299378e+03   2.246900e+01      false       none        882         48        800         48    15444    15444          0          0          0
157      8.020859e+04   7.581395e+04   5.693844e+04    0.2490   3.321769e+03   2.239100e+01      false       none        882         48        800         48    15543    15543          0          0          0
158      7.810505e+04   7.581395e+04   5.694561e+04    0.2489   3.344722e+03   2.295300e+01      false       none        882         48        800         48    15642    15642          0          0          0
159      8.017086e+04   7.581395e+04   5.695840e+04    0.2487   3.367457e+03   2.273500e+01      false       none        882         48        800         48    15741    15741          0          0          0
160      7.859150e+04   7.581395e+04   5.697374e+04    0.2485   3.390363e+03   2.290600e+01      false       none        882         48        800         48    15840    15840          0          0          0
161      8.006543e+04   7.581395e+04   5.697408e+04    0.2485   3.413504e+03   2.314100e+01      false       none        882         48        800         48    15939    15939          0          0          0
162      7.793799e+04   7.581395e+04   5.697992e+04    0.2484   3.436035e+03   2.253100e+01      false       none        882         48        800         48    16038    16038          0          0          0
163      7.928290e+04   7.581395e+04   5.700617e+04    0.2481   3.458832e+03   2.279700e+01      false       none        882         48        800         48    16137    16137          0          0          0
164      7.983204e+04   7.581395e+04   5.703632e+04    0.2477   3.481566e+03   2.273400e+01      false       none        882         48        800         48    16236    16236          0          0          0
165      7.803406e+04   7.581395e+04   5.704226e+04    0.2476   3.503926e+03   2.236000e+01      false       none        882         48        800         48    16335    16335          0          0          0
166      7.865306e+04   7.581395e+04   5.705814e+04    0.2474   3.525785e+03   2.185900e+01      false       none        882         48        800         48    16434    16434          0          0          0
167      8.031419e+04   7.581395e+04   5.707258e+04    0.2472   3.547613e+03   2.182800e+01      false       none        882         48        800         48    16533    16533          0          0          0
168      7.813931e+04   7.581395e+04   5.709138e+04    0.2470   3.570379e+03   2.276600e+01      false       none        882         48        800         48    16632    16632          0          0          0
169      7.768574e+04   7.581395e+04   5.710956e+04    0.2467   3.592035e+03   2.165600e+01      false       none        882         48        800         48    16731    16731          0          0          0
170      7.963282e+04   7.581395e+04   5.710679e+04    0.2468   3.615691e+03   2.365600e+01      false       none        882         48        800         48    16830    16830          0          0          0
171      8.164062e+04   7.581395e+04   5.712426e+04    0.2465   3.639051e+03   2.336000e+01      false       none        882         48        800         48    16929    16929          0          0          0
172      7.828432e+04   7.581395e+04   5.713878e+04    0.2463   3.662254e+03   2.320300e+01      false       none        882         48        800         48    17028    17028          0          0          0
173      8.129710e+04   7.581395e+04   5.714189e+04    0.2463   3.685754e+03   2.350000e+01      false       none        882         48        800         48    17127    17127          0          0          0
174      7.912071e+04   7.581395e+04   5.714676e+04    0.2462   3.708426e+03   2.267200e+01      false       none        882         48        800         48    17226    17226          0          0          0
175      8.125190e+04   7.581395e+04   5.715773e+04    0.2461   3.731957e+03   2.353100e+01      false       none        882         48        800         48    17325    17325          0          0          0
176      7.810982e+04   7.581395e+04   5.716428e+04    0.2460   3.754254e+03   2.229700e+01      false       none        882         48        800         48    17424    17424          0          0          0
177      7.895109e+04   7.581395e+04   5.717690e+04    0.2458   3.777020e+03   2.276600e+01      false       none        882         48        800         48    17523    17523          0          0          0
178      7.840018e+04   7.581395e+04   5.718028e+04    0.2458   3.800067e+03   2.304700e+01      false       none        882         48        800         48    17622    17622          0          0          0
179      7.827437e+04   7.581395e+04   5.721706e+04    0.2453   3.823098e+03   2.303100e+01      false       none        882         48        800         48    17721    17721          0          0          0
180      7.872500e+04   7.581395e+04   5.722312e+04    0.2452   3.846067e+03   2.296900e+01      false       none        882         48        800         48    17820    17820          0          0          0
181      7.866819e+04   7.581395e+04   5.723378e+04    0.2451   3.868442e+03   2.237500e+01      false       none        882         48        800         48    17919    17919          0          0          0
182      7.753976e+04   7.581395e+04   5.724350e+04    0.2449   3.890535e+03   2.209300e+01      false       none        882         48        800         48    18018    18018          0          0          0
183      7.862860e+04   7.581395e+04   5.726118e+04    0.2447   3.913192e+03   2.265700e+01      false       none        882         48        800         48    18117    18117          0          0          0
184      7.905757e+04   7.581395e+04   5.727744e+04    0.2445   3.935567e+03   2.237500e+01      false       none        882         48        800         48    18216    18216          0          0          0
185      7.605509e+04   7.581395e+04   5.728346e+04    0.2444   3.957895e+03   2.232800e+01      false       none        882         48        800         48    18315    18315          0          0          0
186      7.859385e+04   7.581395e+04   5.731570e+04    0.2440   3.979551e+03   2.165600e+01      false       none        882         48        800         48    18414    18414          0          0          0
187      8.081652e+04   7.581395e+04   5.731304e+04    0.2440   4.003473e+03   2.392200e+01      false       none        882         48        800         48    18513    18513          0          0          0
188      8.006763e+04   7.581395e+04   5.731675e+04    0.2440   4.026832e+03   2.335900e+01      false       none        882         48        800         48    18612    18612          0          0          0
189      7.804960e+04   7.581395e+04   5.735498e+04    0.2435   4.049754e+03   2.292200e+01      false       none        882         48        800         48    18711    18711          0          0          0
190      7.830231e+04   7.581395e+04   5.735505e+04    0.2435   4.072973e+03   2.321900e+01      false       none        882         48        800         48    18810    18810          0          0          0
191      8.000266e+04   7.581395e+04   5.736243e+04    0.2434   4.096567e+03   2.359400e+01      false       none        882         48        800         48    18909    18909          0          0          0
192      7.723697e+04   7.581395e+04   5.736831e+04    0.2433   4.119739e+03   2.317200e+01      false       none        882         48        800         48    19008    19008          0          0          0
193      7.982046e+04   7.581395e+04   5.737280e+04    0.2432   4.143520e+03   2.378100e+01      false       none        882         48        800         48    19107    19107          0          0          0
194      7.827731e+04   7.581395e+04   5.737914e+04    0.2432   4.166801e+03   2.328100e+01      false       none        882         48        800         48    19206    19206          0          0          0
195      7.664626e+04   7.581395e+04   5.739697e+04    0.2429   4.190520e+03   2.371900e+01      false       none        882         48        800         48    19305    19305          0          0          0
196      7.608092e+04   7.581395e+04   5.740591e+04    0.2428   4.212942e+03   2.242200e+01      false       none        882         48        800         48    19404    19404          0          0          0
197      7.815582e+04   7.581395e+04   5.743345e+04    0.2424   4.235864e+03   2.292200e+01      false       none        882         48        800         48    19503    19503          0          0          0
198      7.836537e+04   7.581395e+04   5.743300e+04    0.2424   4.258254e+03   2.239000e+01      false       none        882         48        800         48    19602    19602          0          0          0
199      7.757968e+04   7.581395e+04   5.743862e+04    0.2424   4.281223e+03   2.296900e+01      false       none        882         48        800         48    19701    19701          0          0          0
200      7.708888e+04   7.581395e+04   5.744930e+04    0.2422   4.303598e+03   2.237500e+01      false       none        882         48        800         48    19800    19800          0          0          0
201      7.789863e+04   7.581395e+04   5.745464e+04    0.2422   4.326645e+03   2.304700e+01      false       none        882         48        800         48    19899    19899          0          0          0
202      7.686880e+04   7.581395e+04   5.746456e+04    0.2420   4.349583e+03   2.293800e+01      false       none        882         48        800         48    19998    19998          0          0          0
203      7.788304e+04   7.581395e+04   5.747038e+04    0.2420   4.372692e+03   2.310900e+01      false       none        882         48        800         48    20097    20097          0          0          0
204      7.986881e+04   7.581395e+04   5.749336e+04    0.2417   4.396208e+03   2.351600e+01      false       none        882         48        800         48    20196    20196          0          0          0
205      7.823672e+04   7.581395e+04   5.749641e+04    0.2416   4.419223e+03   2.301500e+01      false       none        882         48        800         48    20295    20295          0          0          0
206      7.682677e+04   7.581395e+04   5.752080e+04    0.2413   4.442208e+03   2.298500e+01      false       none        882         48        800         48    20394    20394          0          0          0
207      7.801816e+04   7.581395e+04   5.752004e+04    0.2413   4.465192e+03   2.298400e+01      false       none        882         48        800         48    20493    20493          0          0          0
208      7.938532e+04   7.581395e+04   5.753129e+04    0.2412   4.489645e+03   2.445300e+01      false       none        882         48        800         48    20592    20592          0          0          0
209      8.006775e+04   7.581395e+04   5.754095e+04    0.2410   4.513067e+03   2.342200e+01      false       none        882         48        800         48    20691    20691          0          0          0
210      7.801235e+04   7.581395e+04   5.754681e+04    0.2409   4.536442e+03   2.337500e+01      false       none        882         48        800         48    20790    20790          0          0          0
211      7.926627e+04   7.581395e+04   5.755853e+04    0.2408   4.561552e+03   2.511000e+01      false       none        882         48        800         48    20889    20889          0          0          0
212      7.914060e+04   7.581395e+04   5.756943e+04    0.2406   4.585802e+03   2.425000e+01      false       none        882         48        800         48    20988    20988          0          0          0
213      7.932957e+04   7.581395e+04   5.757571e+04    0.2406   4.609224e+03   2.342200e+01      false       none        882         48        800         48    21087    21087          0          0          0
214      7.933068e+04   7.581395e+04   5.758972e+04    0.2404   4.632208e+03   2.298400e+01      false       none        882         48        800         48    21186    21186          0          0          0
215      7.883110e+04   7.581395e+04   5.762312e+04    0.2399   4.655208e+03   2.300000e+01      false       none        882         48        800         48    21285    21285          0          0          0
216      7.899358e+04   7.581395e+04   5.762626e+04    0.2399   4.677599e+03   2.239100e+01      false       none        882         48        800         48    21384    21384          0          0          0
217      7.987654e+04   7.581395e+04   5.762683e+04    0.2399   4.701099e+03   2.350000e+01      false       none        882         48        800         48    21483    21483          0          0          0
218      7.849466e+04   7.581395e+04   5.767634e+04    0.2392   4.725052e+03   2.395300e+01      false       none        882         48        800         48    21582    21582          0          0          0
219      7.756806e+04   7.581395e+04   5.767985e+04    0.2392   4.748380e+03   2.332800e+01      false       none        882         48        800         48    21681    21681          0          0          0
220      7.902787e+04   7.581395e+04   5.768028e+04    0.2392   4.772193e+03   2.381300e+01      false       none        882         48        800         48    21780    21780          0          0          0
221      7.890200e+04   7.581395e+04   5.769324e+04    0.2390   4.795911e+03   2.371800e+01      false       none        882         48        800         48    21879    21879          0          0          0
222      7.836946e+04   7.581395e+04   5.769821e+04    0.2389   4.820052e+03   2.414100e+01      false       none        882         48        800         48    21978    21978          0          0          0
223      7.883687e+04   7.581395e+04   5.770482e+04    0.2389   4.844427e+03   2.437500e+01      false       none        882         48        800         48    22077    22077          0          0          0
224      7.910688e+04   7.581395e+04   5.770541e+04    0.2389   4.868115e+03   2.368800e+01      false       none        882         48        800         48    22176    22176          0          0          0
225      7.936728e+04   7.581395e+04   5.771429e+04    0.2387   4.892786e+03   2.467100e+01      false       none        882         48        800         48    22275    22275          0          0          0
226      7.949522e+04   7.581395e+04   5.772848e+04    0.2386   4.917552e+03   2.476600e+01      false       none        882         48        800         48    22374    22374          0          0          0
227      7.926076e+04   7.581395e+04   5.772952e+04    0.2385   4.941990e+03   2.443800e+01      false       none        882         48        800         48    22473    22473          0          0          0
228      7.710834e+04   7.581395e+04   5.773629e+04    0.2384   4.966802e+03   2.481200e+01      false       none        882         48        800         48    22572    22572          0          0          0
229      7.832467e+04   7.581395e+04   5.774740e+04    0.2383   4.989224e+03   2.242200e+01      false       none        882         48        800         48    22671    22671          0          0          0
230      7.974935e+04   7.581395e+04   5.775795e+04    0.2382   5.013052e+03   2.382800e+01      false       none        882         48        800         48    22770    22770          0          0          0
231      7.966429e+04   7.581395e+04   5.778876e+04    0.2378   5.036786e+03   2.373400e+01      false       none        882         48        800         48    22869    22869          0          0          0
232      7.769743e+04   7.581395e+04   5.779560e+04    0.2377   5.060021e+03   2.323500e+01      false       none        882         48        800         48    22968    22968          0          0          0
233      7.761859e+04   7.581395e+04   5.780829e+04    0.2375   5.082990e+03   2.296900e+01      false       none        882         48        800         48    23067    23067          0          0          0
234      7.997843e+04   7.581395e+04   5.781253e+04    0.2374   5.106755e+03   2.376500e+01      false       none        882         48        800         48    23166    23166          0          0          0
235      7.867801e+04   7.581395e+04   5.781877e+04    0.2374   5.131396e+03   2.464100e+01      false       none        882         48        800         48    23265    23265          0          0          0
236      7.895803e+04   7.581395e+04   5.782780e+04    0.2372   5.154552e+03   2.315600e+01      false       none        882         48        800         48    23364    23364          0          0          0
237      8.016147e+04   7.581395e+04   5.783123e+04    0.2372   5.178943e+03   2.439100e+01      false       none        882         48        800         48    23463    23463          0          0          0
238      7.735676e+04   7.581395e+04   5.783420e+04    0.2372   5.202505e+03   2.356200e+01      false       none        882         48        800         48    23562    23562          0          0          0
239      7.762246e+04   7.581395e+04   5.785112e+04    0.2369   5.226443e+03   2.393800e+01      false       none        882         48        800         48    23661    23661          0          0          0
240      7.745025e+04   7.581395e+04   5.786953e+04    0.2367   5.249974e+03   2.353100e+01      false       none        882         48        800         48    23760    23760          0          0          0
241      7.800293e+04   7.581395e+04   5.787378e+04    0.2366   5.274099e+03   2.412500e+01      false       none        882         48        800         48    23859    23859          0          0          0
242      7.757996e+04   7.581395e+04   5.787845e+04    0.2366   5.298099e+03   2.400000e+01      false       none        882         48        800         48    23958    23958          0          0          0
243      7.761435e+04   7.581395e+04   5.788201e+04    0.2365   5.322709e+03   2.461000e+01      false       none        882         48        800         48    24057    24057          0          0          0
244      7.932782e+04   7.581395e+04   5.788975e+04    0.2364   5.347849e+03   2.514000e+01      false       none        882         48        800         48    24156    24156          0          0          0
245      7.735439e+04   7.581395e+04   5.790103e+04    0.2363   5.372615e+03   2.476600e+01      false       none        882         48        800         48    24255    24255          0          0          0
246      7.980867e+04   7.581395e+04   5.790602e+04    0.2362   5.397334e+03   2.471900e+01      false       none        882         48        800         48    24354    24354          0          0          0
247      7.721600e+04   7.581395e+04   5.791192e+04    0.2361   5.420631e+03   2.329700e+01      false       none        882         48        800         48    24453    24453          0          0          0
248      7.865504e+04   7.581395e+04   5.792425e+04    0.2360   5.444631e+03   2.400000e+01      false       none        882         48        800         48    24552    24552          0          0          0
249      8.017016e+04   7.581395e+04   5.792575e+04    0.2359   5.468599e+03   2.396800e+01      false       none        882         48        800         48    24651    24651          0          0          0
250      7.821885e+04   7.581395e+04   5.792950e+04    0.2359   5.492428e+03   2.382900e+01      false       none        882         48        800         48    24750    24750          0          0          0
251      7.946556e+04   7.581395e+04   5.793651e+04    0.2358   5.517459e+03   2.503100e+01      false       none        882         48        800         48    24849    24849          0          0          0
252      7.779910e+04   7.581395e+04   5.794353e+04    0.2357   5.541287e+03   2.382800e+01      false       none        882         48        800         48    24948    24948          0          0          0
253      7.730326e+04   7.581395e+04   5.795855e+04    0.2355   5.565068e+03   2.378100e+01      false       none        882         48        800         48    25047    25047          0          0          0
254      8.004077e+04   7.581395e+04   5.796582e+04    0.2354   5.589303e+03   2.423500e+01      false       none        882         48        800         48    25146    25146          0          0          0
255      8.048678e+04   7.581395e+04   5.796521e+04    0.2354   5.613146e+03   2.384300e+01      false       none        882         48        800         48    25245    25245          0          0          0
256      8.029940e+04   7.581395e+04   5.797156e+04    0.2353   5.637256e+03   2.411000e+01      false       none        882         48        800         48    25344    25344          0          0          0
257      8.030854e+04   7.581395e+04   5.797788e+04    0.2353   5.662459e+03   2.520300e+01      false       none        882         48        800         48    25443    25443          0          0          0
258      7.800766e+04   7.581395e+04   5.799136e+04    0.2351   5.686850e+03   2.439100e+01      false       none        882         48        800         48    25542    25542          0          0          0
259      7.996232e+04   7.581395e+04   5.800991e+04    0.2348   5.711459e+03   2.460900e+01      false       none        882         48        800         48    25641    25641          0          0          0
260      7.820202e+04   7.581395e+04   5.802249e+04    0.2347   5.736193e+03   2.473400e+01      false       none        882         48        800         48    25740    25740          0          0          0
261      7.730363e+04   7.581395e+04   5.802580e+04    0.2346   5.760428e+03   2.423500e+01      false       none        882         48        800         48    25839    25839          0          0          0
262      7.672844e+04   7.581395e+04   5.804190e+04    0.2344   5.785537e+03   2.510900e+01      false       none        882         48        800         48    25938    25938          0          0          0
263      8.065686e+04   7.581395e+04   5.804609e+04    0.2344   5.811522e+03   2.598500e+01      false       none        882         48        800         48    26037    26037          0          0          0
264      7.864170e+04   7.581395e+04   5.806301e+04    0.2341   5.835897e+03   2.437500e+01      false       none        882         48        800         48    26136    26136          0          0          0
265      7.941288e+04   7.581395e+04   5.807046e+04    0.2340   5.860131e+03   2.423400e+01      false       none        882         48        800         48    26235    26235          0          0          0
266      7.807096e+04   7.581395e+04   5.807267e+04    0.2340   5.884334e+03   2.420300e+01      false       none        882         48        800         48    26334    26334          0          0          0
267      7.801746e+04   7.581395e+04   5.808639e+04    0.2338   5.908428e+03   2.409400e+01      false       none        882         48        800         48    26433    26433          0          0          0
268      7.923856e+04   7.581395e+04   5.810432e+04    0.2336   5.933116e+03   2.468800e+01      false       none        882         48        800         48    26532    26532          0          0          0
269      7.952545e+04   7.581395e+04   5.810289e+04    0.2336   5.958100e+03   2.498400e+01      false       none        882         48        800         48    26631    26631          0          0          0
270      8.051718e+04   7.581395e+04   5.810606e+04    0.2336   5.983131e+03   2.503100e+01      false       none        882         48        800         48    26730    26730          0          0          0
271      7.951599e+04   7.581395e+04   5.810482e+04    0.2336   6.007866e+03   2.473500e+01      false       none        882         48        800         48    26829    26829          0          0          0
272      7.723000e+04   7.581395e+04   5.811493e+04    0.2335   6.030912e+03   2.304600e+01      false       none        882         48        800         48    26928    26928          0          0          0
273      7.962614e+04   7.581395e+04   5.812816e+04    0.2333   6.056178e+03   2.526600e+01      false       none        882         48        800         48    27027    27027          0          0          0
274      7.850540e+04   7.581395e+04   5.812988e+04    0.2333   6.081319e+03   2.514100e+01      false       none        882         48        800         48    27126    27126          0          0          0
275      7.796724e+04   7.581395e+04   5.814268e+04    0.2331   6.105241e+03   2.392200e+01      false       none        882         48        800         48    27225    27225          0          0          0
276      7.628477e+04   7.581395e+04   5.815042e+04    0.2330   6.129006e+03   2.376500e+01      false       none        882         48        800         48    27324    27324          0          0          0
277      7.863842e+04   7.581395e+04   5.815176e+04    0.2330   6.153772e+03   2.476600e+01      false       none        882         48        800         48    27423    27423          0          0          0
278      7.850138e+04   7.581395e+04   5.816499e+04    0.2328   6.178569e+03   2.479700e+01      false       none        882         48        800         48    27522    27522          0          0          0
279      8.079210e+04   7.581395e+04   5.816803e+04    0.2328   6.204663e+03   2.609400e+01      false       none        882         48        800         48    27621    27621          0          0          0
280      7.953325e+04   7.581395e+04   5.817389e+04    0.2327   6.230038e+03   2.537500e+01      false       none        882         48        800         48    27720    27720          0          0          0
281      7.669209e+04   7.581395e+04   5.818817e+04    0.2325   6.253819e+03   2.378100e+01      false       none        882         48        800         48    27819    27819          0          0          0
282      7.844162e+04   7.581395e+04   5.820521e+04    0.2323   6.277694e+03   2.387500e+01      false       none        882         48        800         48    27918    27918          0          0          0
283      7.973518e+04   7.581395e+04   5.820797e+04    0.2322   6.302288e+03   2.459400e+01      false       none        882         48        800         48    28017    28017          0          0          0
284      7.864971e+04   7.581395e+04   5.821322e+04    0.2322   6.326663e+03   2.437500e+01      false       none        882         48        800         48    28116    28116          0          0          0
285      8.035667e+04   7.581395e+04   5.821951e+04    0.2321   6.351475e+03   2.481200e+01      false       none        882         48        800         48    28215    28215          0          0          0
286      7.758231e+04   7.581395e+04   5.822624e+04    0.2320   6.375147e+03   2.367200e+01      false       none        882         48        800         48    28314    28314          0          0          0
287      7.698694e+04   7.581395e+04   5.823005e+04    0.2319   6.399116e+03   2.396900e+01      false       none        882         48        800         48    28413    28413          0          0          0
288      7.867726e+04   7.581395e+04   5.823616e+04    0.2319   6.423944e+03   2.482800e+01      false       none        882         48        800         48    28512    28512          0          0          0
289      7.790553e+04   7.581395e+04   5.824515e+04    0.2317   6.448382e+03   2.443800e+01      false       none        882         48        800         48    28611    28611          0          0          0
290      7.947290e+04   7.581395e+04   5.825157e+04    0.2317   6.473350e+03   2.496800e+01      false       none        882         48        800         48    28710    28710          0          0          0
291      7.770929e+04   7.581395e+04   5.825844e+04    0.2316   6.498350e+03   2.500000e+01      false       none        882         48        800         48    28809    28809          0          0          0
292      7.912443e+04   7.581395e+04   5.827763e+04    0.2313   6.523522e+03   2.517200e+01      false       none        882         48        800         48    28908    28908          0          0          0
293      7.930852e+04   7.581395e+04   5.827822e+04    0.2313   6.548616e+03   2.509400e+01      false       none        882         48        800         48    29007    29007          0          0          0
294      7.816204e+04   7.581395e+04   5.829420e+04    0.2311   6.574179e+03   2.556300e+01      false       none        882         48        800         48    29106    29106          0          0          0
295      7.808567e+04   7.581395e+04   5.829948e+04    0.2310   6.599007e+03   2.482800e+01      false       none        882         48        800         48    29205    29205          0          0          0
296      8.159390e+04   7.581395e+04   5.830016e+04    0.2310   6.625210e+03   2.620300e+01      false       none        882         48        800         48    29304    29304          0          0          0
297      8.025884e+04   7.581395e+04   5.830414e+04    0.2310   6.651991e+03   2.678100e+01      false       none        882         48        800         48    29403    29403          0          0          0
298      7.834778e+04   7.581395e+04   5.830764e+04    0.2309   6.677726e+03   2.573500e+01      false       none        882         48        800         48    29502    29502          0          0          0
299      8.083165e+04   7.581395e+04   5.830893e+04    0.2309   6.703054e+03   2.532800e+01      false       none        882         48        800         48    29601    29601          0          0          0
300      7.959328e+04   7.581395e+04   5.832209e+04    0.2307   6.727976e+03   2.492200e+01      false       none        882         48        800         48    29700    29700          0          0          0
301      7.788868e+04   7.581395e+04   5.833283e+04    0.2306   6.752741e+03   2.476500e+01      false       none        882         48        800         48    29799    29799          0          0          0
302      7.754660e+04   7.581395e+04   5.833275e+04    0.2306   6.777569e+03   2.482800e+01      false       none        882         48        800         48    29898    29898          0          0          0
303      7.919480e+04   7.581395e+04   5.834396e+04    0.2304   6.801991e+03   2.442200e+01      false       none        882         48        800         48    29997    29997          0          0          0
304      7.797495e+04   7.581395e+04   5.834712e+04    0.2304   6.826757e+03   2.476600e+01      false       none        882         48        800         48    30096    30096          0          0          0
305      7.954215e+04   7.581395e+04   5.835865e+04    0.2302   6.851273e+03   2.451600e+01      false       none        882         48        800         48    30195    30195          0          0          0
306      7.932051e+04   7.581395e+04   5.836710e+04    0.2301   6.876257e+03   2.498400e+01      false       none        882         48        800         48    30294    30294          0          0          0
307      7.986640e+04   7.581395e+04   5.836617e+04    0.2301   6.901554e+03   2.529700e+01      false       none        882         48        800         48    30393    30393          0          0          0
308      7.985820e+04   7.581395e+04   5.836941e+04    0.2301   6.926773e+03   2.521900e+01      false       none        882         48        800         48    30492    30492          0          0          0
309      7.818666e+04   7.581395e+04   5.837898e+04    0.2300   6.951679e+03   2.490600e+01      false       none        882         48        800         48    30591    30591          0          0          0
310      7.901539e+04   7.581395e+04   5.840183e+04    0.2297   6.977070e+03   2.539100e+01      false       none        882         48        800         48    30690    30690          0          0          0
311      7.799216e+04   7.581395e+04   5.841100e+04    0.2295   7.002695e+03   2.562500e+01      false       none        882         48        800         48    30789    30789          0          0          0
312      7.779450e+04   7.581395e+04   5.841685e+04    0.2295   7.027632e+03   2.493700e+01      false       none        882         48        800         48    30888    30888          0          0          0
313      7.729339e+04   7.581395e+04   5.842698e+04    0.2293   7.052226e+03   2.459400e+01      false       none        882         48        800         48    30986    30986          0          0          0
314      7.867209e+04   7.581395e+04   5.842441e+04    0.2294   7.076835e+03   2.460900e+01      false       none        882         48        800         48    31085    31085          0          0          0
315      7.666252e+04   7.581395e+04   5.843437e+04    0.2292   7.102023e+03   2.518800e+01      false       none        882         48        800         48    31184    31184          0          0          0
316      7.906666e+04   7.581395e+04   5.843840e+04    0.2292   7.127632e+03   2.560900e+01      false       none        882         48        800         48    31283    31283          0          0          0
317      7.830486e+04   7.581395e+04   5.844649e+04    0.2291   7.153679e+03   2.604700e+01      false       none        882         48        800         48    31382    31382          0          0          0
318      7.957548e+04   7.581395e+04   5.844881e+04    0.2290   7.178304e+03   2.462500e+01      false       none        882         48        800         48    31481    31481          0          0          0
319      7.736700e+04   7.581395e+04   5.845689e+04    0.2289   7.202867e+03   2.456300e+01      false       none        882         48        800         48    31580    31580          0          0          0
320      8.028038e+04   7.581395e+04   5.846429e+04    0.2288   7.227836e+03   2.496900e+01      false       none        882         48        800         48    31679    31679          0          0          0
321      7.729441e+04   7.581395e+04   5.847197e+04    0.2287   7.251351e+03   2.351500e+01      false       none        882         48        800         48    31778    31778          0          0          0
322      7.751109e+04   7.581395e+04   5.848529e+04    0.2286   7.276429e+03   2.507800e+01      false       none        882         48        800         48    31877    31877          0          0          0
323      7.908494e+04   7.581395e+04   5.849731e+04    0.2284   7.301179e+03   2.475000e+01      false       none        882         48        800         48    31976    31976          0          0          0
324      7.879435e+04   7.581395e+04   5.849791e+04    0.2284   7.326492e+03   2.531300e+01      false       none        882         48        800         48    32075    32075          0          0          0
325      7.739032e+04   7.581395e+04   5.850534e+04    0.2283   7.351148e+03   2.465600e+01      false       none        882         48        800         48    32174    32174          0          0          0
326      7.855860e+04   7.581395e+04   5.852070e+04    0.2281   7.375680e+03   2.453200e+01      false       none        882         48        800         48    32273    32273          0          0          0
327      8.039840e+04   7.581395e+04   5.852029e+04    0.2281   7.401336e+03   2.565600e+01      false       none        882         48        800         48    32372    32372          0          0          0
328      7.957726e+04   7.581395e+04   5.853315e+04    0.2279   7.427117e+03   2.578100e+01      false       none        882         48        800         48    32471    32471          0          0          0
329      7.878889e+04   7.581395e+04   5.853310e+04    0.2279   7.452258e+03   2.514100e+01      false       none        882         48        800         48    32570    32570          0          0          0
330      7.725839e+04   7.581395e+04   5.854393e+04    0.2278   7.476977e+03   2.471900e+01      false       none        882         48        800         48    32669    32669          0          0          0
331      7.878995e+04   7.581395e+04   5.854499e+04    0.2278   7.502648e+03   2.567100e+01      false       none        882         48        800         48    32768    32768          0          0          0
332      7.713188e+04   7.581395e+04   5.854980e+04    0.2277   7.528242e+03   2.559400e+01      false       none        882         48        800         48    32867    32867          0          0          0
333      8.005538e+04   7.581395e+04   5.855959e+04    0.2276   7.553773e+03   2.553100e+01      false       none        882         48        800         48    32966    32966          0          0          0
334      7.706553e+04   7.581395e+04   5.856086e+04    0.2276   7.579258e+03   2.548500e+01      false       none        882         48        800         48    33065    33065          0          0          0
335      8.013784e+04   7.581395e+04   5.856229e+04    0.2276   7.605258e+03   2.600000e+01      false       none        882         48        800         48    33163    33163          0          0          0
336      7.919474e+04   7.581395e+04   5.856741e+04    0.2275   7.631758e+03   2.650000e+01      false       none        882         48        800         48    33261    33261          0          0          0
337      7.879661e+04   7.581395e+04   5.857115e+04    0.2274   7.656352e+03   2.459400e+01      false       none        882         48        800         48    33359    33359          0          0          0
338      7.895136e+04   7.581395e+04   5.857318e+04    0.2274   7.681289e+03   2.493700e+01      false       none        882         48        800         48    33458    33458          0          0          0
339      7.975480e+04   7.581395e+04   5.860399e+04    0.2270   7.706867e+03   2.557800e+01      false       none        882         48        800         48    33557    33557          0          0          0
340      7.862490e+04   7.581395e+04   5.861435e+04    0.2269   7.732008e+03   2.514100e+01      false       none        882         48        800         48    33656    33656          0          0          0
341      7.775916e+04   7.581395e+04   5.861347e+04    0.2269   7.757274e+03   2.526600e+01      false       none        882         48        800         48    33755    33755          0          0          0
342      7.863441e+04   7.581395e+04   5.861999e+04    0.2268   7.782430e+03   2.515600e+01      false       none        882         48        800         48    33854    33854          0          0          0
343      7.873802e+04   7.581395e+04   5.862548e+04    0.2267   7.807680e+03   2.525000e+01      false       none        882         48        800         48    33952    33952          0          0          0
344      7.914756e+04   7.581395e+04   5.862622e+04    0.2267   7.833383e+03   2.570300e+01      false       none        882         48        800         48    34051    34051          0          0          0
345      7.823115e+04   7.581395e+04   5.864308e+04    0.2265   7.858118e+03   2.473500e+01      false       none        882         48        800         48    34150    34150          0          0          0
346      7.888081e+04   7.581395e+04   5.864697e+04    0.2264   7.883274e+03   2.515600e+01      false       none        882         48        800         48    34249    34249          0          0          0
347      7.812336e+04   7.581395e+04   5.864661e+04    0.2264   7.908211e+03   2.493700e+01      false       none        882         48        800         48    34347    34347          0          0          0
348      7.963682e+04   7.581395e+04   5.864851e+04    0.2264   7.933821e+03   2.561000e+01      false       none        882         48        800         48    34446    34446          0          0          0
349      7.890159e+04   7.581395e+04   5.866347e+04    0.2262   7.959571e+03   2.575000e+01      false       none        882         48        800         48    34545    34545          0          0          0
350      7.867940e+04   7.581395e+04   5.868424e+04    0.2259   7.985196e+03   2.562500e+01      false       none        882         48        800         48    34644    34644          0          0          0
351      7.956000e+04   7.581395e+04   5.868423e+04    0.2259   8.010962e+03   2.576600e+01      false       none        882         48        800         48    34743    34743          0          0          0
352      8.087552e+04   7.581395e+04   5.868461e+04    0.2259   8.038212e+03   2.725000e+01      false       none        882         48        800         48    34842    34842          0          0          0
353      7.681026e+04   7.581395e+04   5.868795e+04    0.2259   8.064118e+03   2.590600e+01      false       none        882         48        800         48    34941    34941          0          0          0
354      7.945714e+04   7.581395e+04   5.868883e+04    0.2259   8.090587e+03   2.646900e+01      false       none        882         48        800         48    35040    35040          0          0          0
355      7.904624e+04   7.581395e+04   5.869042e+04    0.2259   8.116524e+03   2.593700e+01      false       none        882         48        800         48    35139    35139          0          0          0
356      7.853431e+04   7.581395e+04   5.871023e+04    0.2256   8.142102e+03   2.557800e+01      false       none        882         48        800         48    35238    35238          0          0          0
357      7.932760e+04   7.581395e+04   5.872057e+04    0.2255   8.167727e+03   2.562500e+01      false       none        882         48        800         48    35336    35336          0          0          0
358      7.929983e+04   7.581395e+04   5.872427e+04    0.2254   8.193009e+03   2.528200e+01      false       none        882         48        800         48    35434    35434          0          0          0
359      7.999517e+04   7.581395e+04   5.872924e+04    0.2254   8.219024e+03   2.601500e+01      false       none        882         48        800         48    35533    35533          0          0          0
360      7.977918e+04   7.581395e+04   5.873556e+04    0.2253   8.244337e+03   2.531300e+01      false       none        882         48        800         48    35632    35632          0          0          0
361      8.036907e+04   7.581395e+04   5.874840e+04    0.2251   8.270790e+03   2.645300e+01      false       none        882         48        800         48    35730    35730          0          0          0
362      7.885063e+04   7.581395e+04   5.875496e+04    0.2250   8.296790e+03   2.600000e+01      false       none        882         48        800         48    35829    35829          0          0          0
363      7.821517e+04   7.581395e+04   5.875951e+04    0.2250   8.322446e+03   2.565600e+01      false       none        882         48        800         48    35928    35928          0          0          0
364      7.771083e+04   7.581395e+04   5.876205e+04    0.2249   8.348040e+03   2.559400e+01      false       none        882         48        800         48    36027    36027          0          0          0
365      7.778472e+04   7.581395e+04   5.876243e+04    0.2249   8.373556e+03   2.551600e+01      false       none        882         48        800         48    36126    36126          0          0          0
366      7.802716e+04   7.581395e+04   5.876407e+04    0.2249   8.399134e+03   2.557800e+01      false       none        882         48        800         48    36225    36225          0          0          0
367      8.068542e+04   7.581395e+04   5.878057e+04    0.2247   8.424915e+03   2.578100e+01      false       none        882         48        800         48    36324    36324          0          0          0
368      7.931248e+04   7.581395e+04   5.878411e+04    0.2246   8.451837e+03   2.692200e+01      false       none        882         48        800         48    36423    36423          0          0          0
369      7.734525e+04   7.581395e+04   5.879506e+04    0.2245   8.477587e+03   2.575000e+01      false       none        882         48        800         48    36522    36522          0          0          0
370      7.855111e+04   7.581395e+04   5.879857e+04    0.2244   8.504134e+03   2.654700e+01      false       none        882         48        800         48    36621    36621          0          0          0
371      7.944962e+04   7.581395e+04   5.879599e+04    0.2245   8.531056e+03   2.692200e+01      false       none        882         48        800         48    36720    36720          0          0          0
372      7.750273e+04   7.581395e+04   5.880291e+04    0.2244   8.556650e+03   2.559400e+01      false       none        882         48        800         48    36819    36819          0          0          0
373      7.868867e+04   7.581395e+04   5.880856e+04    0.2243   8.582556e+03   2.590600e+01      false       none        882         48        800         48    36918    36918          0          0          0
374      7.813053e+04   7.581395e+04   5.880898e+04    0.2243   8.608665e+03   2.610900e+01      false       none        882         48        800         48    37017    37017          0          0          0
375      7.914774e+04   7.581395e+04   5.882074e+04    0.2241   8.636103e+03   2.743800e+01      false       none        882         48        800         48    37116    37116          0          0          0
376      7.881512e+04   7.581395e+04   5.881770e+04    0.2242   8.661134e+03   2.503100e+01      false       none        882         48        800         48    37214    37214          0          0          0
377      7.925815e+04   7.581395e+04   5.883243e+04    0.2240   8.687197e+03   2.606300e+01      false       none        882         48        800         48    37313    37313          0          0          0
378      7.849625e+04   7.581395e+04   5.885089e+04    0.2237   8.712290e+03   2.509300e+01      false       none        882         48        800         48    37412    37412          0          0          0
379      7.985558e+04   7.581395e+04   5.885110e+04    0.2237   8.738134e+03   2.584400e+01      false       none        882         48        800         48    37511    37511          0          0          0
380      7.786966e+04   7.581395e+04   5.885217e+04    0.2237   8.763837e+03   2.570300e+01      false       none        882         48        800         48    37610    37610          0          0          0
381      7.978940e+04   7.581395e+04   5.885316e+04    0.2237   8.789572e+03   2.573500e+01      false       none        882         48        800         48    37708    37708          0          0          0
382      7.834225e+04   7.581395e+04   5.886789e+04    0.2235   8.814775e+03   2.520300e+01      false       none        882         48        800         48    37807    37807          0          0          0
383      7.876466e+04   7.581395e+04   5.887258e+04    0.2235   8.840072e+03   2.529700e+01      false       none        882         48        800         48    37906    37906          0          0          0
384      8.010366e+04   7.581395e+04   5.887553e+04    0.2234   8.866587e+03   2.651500e+01      false       none        882         48        800         48    38005    38005          0          0          0
385      7.974676e+04   7.581395e+04   5.887718e+04    0.2234   8.892728e+03   2.614100e+01      false       none        882         48        800         48    38104    38104          0          0          0
386      8.006745e+04   7.581395e+04   5.888696e+04    0.2233   8.919322e+03   2.659400e+01      false       none        882         48        800         48    38203    38203          0          0          0
387      7.898297e+04   7.581395e+04   5.890414e+04    0.2230   8.946119e+03   2.679700e+01      false       none        882         48        800         48    38302    38302          0          0          0
388      7.942310e+04   7.581395e+04   5.890130e+04    0.2231   8.972572e+03   2.645300e+01      false       none        882         48        800         48    38401    38401          0          0          0
389      7.614600e+04   7.581395e+04   5.890605e+04    0.2230   8.998150e+03   2.557800e+01      false       none        882         48        800         48    38500    38500          0          0          0
390      7.820597e+04   7.581395e+04   5.891092e+04    0.2230   9.023994e+03   2.584400e+01      false       none        882         48        800         48    38599    38599          0          0          0
391      8.008259e+04   7.581395e+04   5.891665e+04    0.2229   9.050791e+03   2.679700e+01      false       none        882         48        800         48    38697    38697          0          0          0
392      7.964070e+04   7.581395e+04   5.892656e+04    0.2227   9.077306e+03   2.651500e+01      false       none        882         48        800         48    38795    38795          0          0          0
393      7.934259e+04   7.581395e+04   5.892961e+04    0.2227   9.103650e+03   2.634400e+01      false       none        882         48        800         48    38894    38894          0          0          0
394      7.820126e+04   7.581395e+04   5.894650e+04    0.2225   9.130588e+03   2.693800e+01      false       none        882         48        800         48    38993    38993          0          0          0
395      7.834901e+04   7.581395e+04   5.894728e+04    0.2225   9.157181e+03   2.659300e+01      false       none        882         48        800         48    39091    39091          0          0          0
396      7.707963e+04   7.581395e+04   5.894710e+04    0.2225   9.181369e+03   2.418800e+01      false       none        882         48        800         48    39190    39190          0          0          0
397      7.919397e+04   7.581395e+04   5.896604e+04    0.2222   9.207291e+03   2.592200e+01      false       none        882         48        800         48    39288    39288          0          0          0
398      7.969871e+04   7.581395e+04   5.896642e+04    0.2222   9.233228e+03   2.593700e+01      false       none        882         48        800         48    39387    39387          0          0          0
399      7.883936e+04   7.581395e+04   5.897163e+04    0.2222   9.258916e+03   2.568800e+01      false       none        882         48        800         48    39486    39486          0          0          0
400      7.783200e+04   7.581395e+04   5.897667e+04    0.2221   9.284713e+03   2.579700e+01      false       none        882         48        800         48    39585    39585          0          0          0
401      8.066024e+04   7.581395e+04   5.897580e+04    0.2221   9.310728e+03   2.601500e+01      false       none        882         48        800         48    39683    39683          0          0          0
402      8.130527e+04   7.581395e+04   5.898054e+04    0.2220   9.336244e+03   2.551600e+01      false       none        882         48        800         48    39782    39782          0          0          0
403      7.684827e+04   7.581395e+04   5.898098e+04    0.2220   9.361588e+03   2.534400e+01      false       none        882         48        800         48    39881    39881          0          0          0
404      7.677019e+04   7.581395e+04   5.898930e+04    0.2219   9.386900e+03   2.531200e+01      false       none        882         48        800         48    39980    39980          0          0          0
405      7.799141e+04   7.581395e+04   5.899448e+04    0.2219   9.413307e+03   2.640700e+01      false       none        882         48        800         48    40079    40079          0          0          0
406      8.081049e+04   7.581395e+04   5.899818e+04    0.2218   9.440010e+03   2.670300e+01      false       none        882         48        800         48    40177    40177          0          0          0
407      7.882137e+04   7.581395e+04   5.900808e+04    0.2217   9.466963e+03   2.695300e+01      false       none        882         48        800         48    40276    40276          0          0          0
408      7.971097e+04   7.581395e+04   5.901148e+04    0.2216   9.493119e+03   2.615600e+01      false       none        882         48        800         48    40375    40375          0          0          0
409      7.563286e+04   7.563286e+04   5.901973e+04    0.2197   9.518369e+03   2.525000e+01      false       none        882         48        800         48    40474    40474          0          0          0
410      8.032447e+04   7.563286e+04   5.902687e+04    0.2196   9.545276e+03   2.690700e+01      false       none        882         48        800         48    40573    40573          0          0          0
411      7.959318e+04   7.563286e+04   5.903017e+04    0.2195   9.571057e+03   2.578100e+01      false       none        882         48        800         48    40671    40671          0          0          0
412      7.826342e+04   7.563286e+04   5.903680e+04    0.2194   9.597416e+03   2.635900e+01      false       none        882         48        800         48    40770    40770          0          0          0
413      7.892810e+04   7.563286e+04   5.903391e+04    0.2195   9.623963e+03   2.654700e+01      false       none        882         48        800         48    40869    40869          0          0          0
414      8.028738e+04   7.563286e+04   5.903763e+04    0.2194   9.651010e+03   2.704700e+01      false       none        882         48        800         48    40968    40968          0          0          0
415      7.904033e+04   7.563286e+04   5.904537e+04    0.2193   9.678291e+03   2.728100e+01      false       none        882         48        800         48    41067    41067          0          0          0
416      7.690811e+04   7.563286e+04   5.904708e+04    0.2193   9.703354e+03   2.506300e+01      false       none        882         48        800         48    41166    41166          0          0          0
417      7.836108e+04   7.563286e+04   5.906408e+04    0.2191   9.728635e+03   2.528100e+01      false       none        882         48        800         48    41265    41265          0          0          0
418      7.742060e+04   7.563286e+04   5.906551e+04    0.2190   9.754557e+03   2.592200e+01      false       none        882         48        800         48    41364    41364          0          0          0
419      7.871783e+04   7.563286e+04   5.907136e+04    0.2190   9.781354e+03   2.679700e+01      false       none        882         48        800         48    41463    41463          0          0          0
420      7.853610e+04   7.563286e+04   5.907343e+04    0.2189   9.806682e+03   2.532800e+01      false       none        882         48        800         48    41562    41562          0          0          0
421      7.885953e+04   7.563286e+04   5.908232e+04    0.2188   9.833073e+03   2.639100e+01      false       none        882         48        800         48    41661    41661          0          0          0
422      8.142480e+04   7.563286e+04   5.908366e+04    0.2188   9.859229e+03   2.615600e+01      false       none        882         48        800         48    41760    41760          0          0          0
423      7.992197e+04   7.563286e+04   5.909216e+04    0.2187   9.885729e+03   2.650000e+01      false       none        882         48        800         48    41859    41859          0          0          0
424      7.705838e+04   7.563286e+04   5.910625e+04    0.2185   9.911417e+03   2.568800e+01      false       none        882         48        800         48    41958    41958          0          0          0
425      7.738573e+04   7.563286e+04   5.910691e+04    0.2185   9.937589e+03   2.617200e+01      false       none        882         48        800         48    42057    42057          0          0          0
426      7.780857e+04   7.563286e+04   5.910810e+04    0.2185   9.963682e+03   2.609300e+01      false       none        882         48        800         48    42156    42156          0          0          0
427      7.704571e+04   7.563286e+04   5.910789e+04    0.2185   9.990510e+03   2.682800e+01      false       none        882         48        800         48    42254    42254          0          0          0
428      7.897448e+04   7.563286e+04   5.910918e+04    0.2185   1.001715e+04   2.664100e+01      false       none        882         48        800         48    42353    42353          0          0          0
429      7.753825e+04   7.563286e+04   5.910984e+04    0.2185   1.004307e+04   2.592200e+01      false       none        882         48        800         48    42452    42452          0          0          0
430      8.065823e+04   7.563286e+04   5.911013e+04    0.2185   1.007068e+04   2.760900e+01      false       none        882         48        800         48    42550    42550          0          0          0
431      7.697476e+04   7.563286e+04   5.912421e+04    0.2183   1.009706e+04   2.637500e+01      false       none        882         48        800         48    42649    42649          0          0          0
432      7.944182e+04   7.563286e+04   5.912683e+04    0.2182   1.012346e+04   2.640700e+01      false       none        882         48        800         48    42748    42748          0          0          0
433      7.896261e+04   7.563286e+04   5.914202e+04    0.2180   1.015010e+04   2.664000e+01      false       none        882         48        800         48    42847    42847          0          0          0
434      7.581230e+04   7.563286e+04   5.914466e+04    0.2180   1.017571e+04   2.561000e+01      false       none        882         48        800         48    42946    42946          0          0          0
435      7.948278e+04   7.563286e+04   5.914312e+04    0.2180   1.020271e+04   2.700000e+01      false       none        882         48        800         48    43044    43044          0          0          0
436      7.816974e+04   7.563286e+04   5.914504e+04    0.2180   1.023010e+04   2.739000e+01      false       none        882         48        800         48    43142    43142          0          0          0
437      7.697760e+04   7.563286e+04   5.915113e+04    0.2179   1.025546e+04   2.536000e+01      false       none        882         48        800         48    43241    43241          0          0          0
438      7.842073e+04   7.563286e+04   5.915797e+04    0.2178   1.028084e+04   2.537500e+01      false       none        882         48        800         48    43340    43340          0          0          0
439      7.755127e+04   7.563286e+04   5.916456e+04    0.2177   1.030721e+04   2.637500e+01      false       none        882         48        800         48    43439    43439          0          0          0
440      8.048968e+04   7.563286e+04   5.916938e+04    0.2177   1.033334e+04   2.612500e+01      false       none        882         48        800         48    43538    43538          0          0          0
441      7.864728e+04   7.563286e+04   5.917865e+04    0.2176   1.035911e+04   2.576600e+01      false       none        882         48        800         48    43637    43637          0          0          0
442      7.768124e+04   7.563286e+04   5.917469e+04    0.2176   1.038456e+04   2.545300e+01      false       none        882         48        800         48    43735    43735          0          0          0
443      7.643805e+04   7.563286e+04   5.918499e+04    0.2175   1.040961e+04   2.504700e+01      false       none        882         48        800         48    43834    43834          0          0          0
444      8.132118e+04   7.563286e+04   5.918902e+04    0.2174   1.043696e+04   2.735900e+01      false       none        882         48        800         48    43932    43932          0          0          0
445      7.914325e+04   7.563286e+04   5.919057e+04    0.2174   1.046348e+04   2.651600e+01      false       none        882         48        800         48    44030    44030          0          0          0
446      7.806747e+04   7.563286e+04   5.920022e+04    0.2173   1.048937e+04   2.589100e+01      false       none        882         48        800         48    44129    44129          0          0          0
447      7.786748e+04   7.563286e+04   5.920021e+04    0.2173   1.051525e+04   2.587500e+01      false       none        882         48        800         48    44228    44228          0          0          0
448      7.820202e+04   7.563286e+04   5.921427e+04    0.2171   1.054106e+04   2.581200e+01      false       none        882         48        800         48    44326    44326          0          0          0
449      8.025034e+04   7.563286e+04   5.920894e+04    0.2172   1.056782e+04   2.676600e+01      false       none        882         48        800         48    44425    44425          0          0          0
450      7.897506e+04   7.563286e+04   5.921210e+04    0.2171   1.059517e+04   2.734400e+01      false       none        882         48        800         48    44524    44524          0          0          0
451      7.677057e+04   7.563286e+04   5.921753e+04    0.2170   1.062197e+04   2.679700e+01      false       none        882         48        800         48    44623    44623          0          0          0
452      7.718224e+04   7.563286e+04   5.922129e+04    0.2170   1.064823e+04   2.626500e+01      false       none        882         48        800         48    44721    44721          0          0          0
453      7.770389e+04   7.563286e+04   5.922858e+04    0.2169   1.067536e+04   2.712500e+01      false       none        882         48        800         48    44820    44820          0          0          0
454      7.938834e+04   7.563286e+04   5.922893e+04    0.2169   1.070253e+04   2.717200e+01      false       none        882         48        800         48    44918    44918          0          0          0
455      7.781854e+04   7.563286e+04   5.923811e+04    0.2168   1.072939e+04   2.686000e+01      false       none        882         48        800         48    45017    45017          0          0          0
456      7.977492e+04   7.563286e+04   5.924962e+04    0.2166   1.075717e+04   2.778100e+01      false       none        882         48        800         48    45116    45116          0          0          0
457      7.832410e+04   7.563286e+04   5.925099e+04    0.2166   1.078393e+04   2.676600e+01      false       none        882         48        800         48    45214    45214          0          0          0
458      7.981416e+04   7.563286e+04   5.925337e+04    0.2166   1.081168e+04   2.775000e+01      false       none        882         48        800         48    45312    45312          0          0          0
459      7.860510e+04   7.563286e+04   5.925508e+04    0.2165   1.083797e+04   2.628100e+01      false       none        882         48        800         48    45411    45411          0          0          0
460      7.956483e+04   7.563286e+04   5.925707e+04    0.2165   1.086453e+04   2.656200e+01      false       none        882         48        800         48    45510    45510          0          0          0
461      7.831129e+04   7.563286e+04   5.925995e+04    0.2165   1.089011e+04   2.557900e+01      false       none        882         48        800         48    45609    45609          0          0          0
462      7.891997e+04   7.563286e+04   5.926083e+04    0.2165   1.091668e+04   2.657800e+01      false       none        882         48        800         48    45707    45707          0          0          0
463      7.954919e+04   7.563286e+04   5.926312e+04    0.2164   1.094389e+04   2.720300e+01      false       none        882         48        800         48    45806    45806          0          0          0
464      7.908378e+04   7.563286e+04   5.928233e+04    0.2162   1.096986e+04   2.596900e+01      false       none        882         48        800         48    45905    45905          0          0          0
465      7.813085e+04   7.563286e+04   5.928596e+04    0.2161   1.099620e+04   2.634300e+01      false       none        882         48        800         48    46004    46004          0          0          0
466      8.046276e+04   7.563286e+04   5.928804e+04    0.2161   1.102240e+04   2.620400e+01      false       none        882         48        800         48    46103    46103          0          0          0
467      7.655067e+04   7.563286e+04   5.928887e+04    0.2161   1.104750e+04   2.509300e+01      false       none        882         48        800         48    46202    46202          0          0          0
468      8.037817e+04   7.563286e+04   5.930211e+04    0.2159   1.107409e+04   2.659400e+01      false       none        882         48        800         48    46301    46301          0          0          0
469      7.851029e+04   7.563286e+04   5.930211e+04    0.2159   1.110031e+04   2.621900e+01      false       none        882         48        800         48    46400    46400          0          0          0
470      7.949323e+04   7.563286e+04   5.930522e+04    0.2159   1.112670e+04   2.639100e+01      false       none        882         48        800         48    46499    46499          0          0          0
471      7.790557e+04   7.563286e+04   5.931311e+04    0.2158   1.115292e+04   2.621800e+01      false       none        882         48        800         48    46597    46597          0          0          0
472      7.910913e+04   7.563286e+04   5.931394e+04    0.2158   1.117898e+04   2.606300e+01      false       none        882         48        800         48    46696    46696          0          0          0
473      7.859954e+04   7.563286e+04   5.932258e+04    0.2157   1.120523e+04   2.625000e+01      false       none        882         48        800         48    46794    46794          0          0          0
474      8.010652e+04   7.563286e+04   5.932296e+04    0.2156   1.123251e+04   2.728100e+01      false       none        882         48        800         48    46893    46893          0          0          0
475      8.001633e+04   7.563286e+04   5.932642e+04    0.2156   1.125915e+04   2.664100e+01      false       none        882         48        800         48    46992    46992          0          0          0
476      7.821428e+04   7.563286e+04   5.932680e+04    0.2156   1.128558e+04   2.642200e+01      false       none        882         48        800         48    47091    47091          0          0          0
477      7.843944e+04   7.563286e+04   5.932975e+04    0.2156   1.131248e+04   2.690600e+01      false       none        882         48        800         48    47190    47190          0          0          0
478      7.951494e+04   7.563286e+04   5.932841e+04    0.2156   1.133967e+04   2.718700e+01      false       none        882         48        800         48    47289    47289          0          0          0
479      7.906891e+04   7.563286e+04   5.934097e+04    0.2154   1.136740e+04   2.773500e+01      false       none        882         48        800         48    47388    47388          0          0          0
480      7.688155e+04   7.563286e+04   5.934738e+04    0.2153   1.139279e+04   2.539000e+01      false       none        882         48        800         48    47487    47487          0          0          0
481      7.810843e+04   7.563286e+04   5.935079e+04    0.2153   1.141786e+04   2.506300e+01      false       none        882         48        800         48    47584    47584          0          0          0
482      7.896919e+04   7.563286e+04   5.935283e+04    0.2153   1.144251e+04   2.465600e+01      false       none        882         48        800         48    47683    47683          0          0          0
483      7.886894e+04   7.563286e+04   5.936264e+04    0.2151   1.146854e+04   2.603200e+01      false       none        882         48        800         48    47782    47782          0          0          0
484      7.874269e+04   7.563286e+04   5.935933e+04    0.2152   1.149470e+04   2.615600e+01      false       none        882         48        800         48    47881    47881          0          0          0
485      7.806315e+04   7.563286e+04   5.936692e+04    0.2151   1.152050e+04   2.579700e+01      false       none        882         48        800         48    47979    47979          0          0          0
486      8.172885e+04   7.563286e+04   5.937475e+04    0.2150   1.154767e+04   2.717200e+01      false       none        882         48        800         48    48076    48076          0          0          0
487      7.869749e+04   7.563286e+04   5.937454e+04    0.2150   1.157375e+04   2.607800e+01      false       none        882         48        800         48    48175    48175          0          0          0
488      7.670374e+04   7.563286e+04   5.938452e+04    0.2148   1.159928e+04   2.553100e+01      false       none        882         48        800         48    48273    48273          0          0          0
489      7.832342e+04   7.563286e+04   5.938515e+04    0.2148   1.162573e+04   2.645300e+01      false       none        882         48        800         48    48372    48372          0          0          0
490      7.709987e+04   7.563286e+04   5.938483e+04    0.2148   1.165167e+04   2.593800e+01      false       none        882         48        800         48    48471    48471          0          0          0
491      7.860608e+04   7.563286e+04   5.938804e+04    0.2148   1.167820e+04   2.653100e+01      false       none        882         48        800         48    48570    48570          0          0          0
492      7.940779e+04   7.563286e+04   5.939505e+04    0.2147   1.170472e+04   2.651600e+01      false       none        882         48        800         48    48668    48668          0          0          0
493      8.014290e+04   7.563286e+04   5.940153e+04    0.2146   1.173212e+04   2.740600e+01      false       none        882         48        800         48    48767    48767          0          0          0
494      7.957207e+04   7.563286e+04   5.940191e+04    0.2146   1.175915e+04   2.703100e+01      false       none        882         48        800         48    48864    48864          0          0          0
495      7.869570e+04   7.563286e+04   5.940670e+04    0.2145   1.178554e+04   2.639100e+01      false       none        882         48        800         48    48962    48962          0          0          0
496      7.719672e+04   7.563286e+04   5.940708e+04    0.2145   1.181203e+04   2.648400e+01      false       none        882         48        800         48    49060    49060          0          0          0
497      7.864724e+04   7.563286e+04   5.941672e+04    0.2144   1.183942e+04   2.739100e+01      false       none        882         48        800         48    49159    49159          0          0          0
498      7.878024e+04   7.563286e+04   5.942074e+04    0.2144   1.186653e+04   2.710900e+01      false       none        882         48        800         48    49258    49258          0          0          0
499      7.877905e+04   7.563286e+04   5.941723e+04    0.2144   1.189342e+04   2.689100e+01      false       none        882         48        800         48    49356    49356          0          0          0
500      7.969386e+04   7.563286e+04   5.942416e+04    0.2143   1.192065e+04   2.723400e+01      false       none        882         48        800         48    49455    49455          0          0          0
501      7.995049e+04   7.563286e+04   5.943395e+04    0.2142   1.194858e+04   2.792200e+01      false       none        882         48        800         48    49553    49553          0          0          0
502      7.979955e+04   7.563286e+04   5.943588e+04    0.2142   1.197561e+04   2.703200e+01      false       none        882         48        800         48    49651    49651          0          0          0
503      7.804410e+04   7.563286e+04   5.943900e+04    0.2141   1.200112e+04   2.551500e+01      false       none        882         48        800         48    49749    49749          0          0          0
504      7.737491e+04   7.563286e+04   5.943383e+04    0.2142   1.202617e+04   2.504700e+01      false       none        882         48        800         48    49847    49847          0          0          0
505      7.823307e+04   7.563286e+04   5.943988e+04    0.2141   1.205189e+04   2.571900e+01      false       none        882         48        800         48    49946    49946          0          0          0
506      7.652450e+04   7.563286e+04   5.943808e+04    0.2141   1.207712e+04   2.523400e+01      false       none        882         48        800         48    50045    50045          0          0          0
507      7.998958e+04   7.563286e+04   5.944787e+04    0.2140   1.210370e+04   2.657900e+01      false       none        882         48        800         48    50144    50144          0          0          0
508      8.094521e+04   7.563286e+04   5.945738e+04    0.2139   1.213079e+04   2.709300e+01      false       none        882         48        800         48    50242    50242          0          0          0
509      7.900631e+04   7.563286e+04   5.945788e+04    0.2139   1.215703e+04   2.623500e+01      false       none        882         48        800         48    50341    50341          0          0          0
510      7.805497e+04   7.563286e+04   5.945899e+04    0.2138   1.218386e+04   2.682800e+01      false       none        882         48        800         48    50440    50440          0          0          0
511      7.796765e+04   7.563286e+04   5.946355e+04    0.2138   1.221047e+04   2.660900e+01      false       none        882         48        800         48    50538    50538          0          0          0
512      7.831692e+04   7.563286e+04   5.946659e+04    0.2137   1.223667e+04   2.620300e+01      false       none        882         48        800         48    50637    50637          0          0          0
513      7.768303e+04   7.563286e+04   5.946679e+04    0.2137   1.226278e+04   2.611000e+01      false       none        882         48        800         48    50735    50735          0          0          0
514      7.779526e+04   7.563286e+04   5.946982e+04    0.2137   1.228962e+04   2.684400e+01      false       none        882         48        800         48    50834    50834          0          0          0
515      7.888578e+04   7.563286e+04   5.947808e+04    0.2136   1.231681e+04   2.718700e+01      false       none        882         48        800         48    50932    50932          0          0          0
516      7.890920e+04   7.563286e+04   5.948126e+04    0.2136   1.234384e+04   2.703100e+01      false       none        882         48        800         48    51031    51031          0          0          0
517      7.998849e+04   7.563286e+04   5.948635e+04    0.2135   1.237123e+04   2.739100e+01      false       none        882         48        800         48    51129    51129          0          0          0
518      7.914718e+04   7.563286e+04   5.949381e+04    0.2134   1.239851e+04   2.728100e+01      false       none        882         48        800         48    51228    51228          0          0          0
519      7.828723e+04   7.563286e+04   5.949764e+04    0.2133   1.242540e+04   2.689100e+01      false       none        882         48        800         48    51327    51327          0          0          0
520      7.963211e+04   7.563286e+04   5.950477e+04    0.2132   1.245312e+04   2.771900e+01      false       none        882         48        800         48    51426    51426          0          0          0
521      7.777135e+04   7.563286e+04   5.951250e+04    0.2131   1.247992e+04   2.679700e+01      false       none        882         48        800         48    51525    51525          0          0          0
522      7.798650e+04   7.563286e+04   5.950821e+04    0.2132   1.250765e+04   2.773400e+01      false       none        882         48        800         48    51624    51624          0          0          0
523      7.640906e+04   7.563286e+04   5.951367e+04    0.2131   1.253364e+04   2.598400e+01      false       none        882         48        800         48    51723    51723          0          0          0
524      7.915127e+04   7.563286e+04   5.951443e+04    0.2131   1.256147e+04   2.782900e+01      false       none        882         48        800         48    51822    51822          0          0          0
525      7.615813e+04   7.563286e+04   5.951820e+04    0.2131   1.258711e+04   2.564000e+01      false       none        882         48        800         48    51920    51920          0          0          0
526      7.831196e+04   7.563286e+04   5.952942e+04    0.2129   1.261305e+04   2.593800e+01      false       none        882         48        800         48    52019    52019          0          0          0
527      7.713194e+04   7.563286e+04   5.953023e+04    0.2129   1.263897e+04   2.592200e+01      false       none        882         48        800         48    52117    52117          0          0          0
528      7.813981e+04   7.563286e+04   5.952944e+04    0.2129   1.266528e+04   2.631200e+01      false       none        882         48        800         48    52216    52216          0          0          0
529      7.848425e+04   7.563286e+04   5.953556e+04    0.2128   1.269120e+04   2.592200e+01      false       none        882         48        800         48    52314    52314          0          0          0
530      7.763259e+04   7.563286e+04   5.954291e+04    0.2127   1.271780e+04   2.659400e+01      false       none        882         48        800         48    52413    52413          0          0          0
531      7.942688e+04   7.563286e+04   5.954570e+04    0.2127   1.274455e+04   2.675000e+01      false       none        882         48        800         48    52512    52512          0          0          0
532      7.859087e+04   7.563286e+04   5.954638e+04    0.2127   1.277070e+04   2.615600e+01      false       none        882         48        800         48    52611    52611          0          0          0
533      7.862791e+04   7.563286e+04   5.955150e+04    0.2126   1.279775e+04   2.704700e+01      false       none        882         48        800         48    52710    52710          0          0          0
534      7.859809e+04   7.563286e+04   5.955355e+04    0.2126   1.282467e+04   2.692200e+01      false       none        882         48        800         48    52809    52809          0          0          0
535      7.952413e+04   7.563286e+04   5.955419e+04    0.2126   1.285145e+04   2.678100e+01      false       none        882         48        800         48    52908    52908          0          0          0
536      8.056072e+04   7.563286e+04   5.955729e+04    0.2125   1.287884e+04   2.739100e+01      false       none        882         48        800         48    53007    53007          0          0          0
537      8.077868e+04   7.563286e+04   5.956775e+04    0.2124   1.290605e+04   2.720300e+01      false       none        882         48        800         48    53106    53106          0          0          0
538      7.897859e+04   7.563286e+04   5.956722e+04    0.2124   1.293344e+04   2.739100e+01      false       none        882         48        800         48    53205    53205          0          0          0
539      7.956028e+04   7.563286e+04   5.957531e+04    0.2123   1.296086e+04   2.742200e+01      false       none        882         48        800         48    53302    53302          0          0          0
540      7.786677e+04   7.563286e+04   5.957647e+04    0.2123   1.298844e+04   2.757800e+01      false       none        882         48        800         48    53400    53400          0          0          0
541      7.800652e+04   7.563286e+04   5.957862e+04    0.2123   1.301562e+04   2.718700e+01      false       none        882         48        800         48    53498    53498          0          0          0
542      7.752419e+04   7.563286e+04   5.958515e+04    0.2122   1.304317e+04   2.754700e+01      false       none        882         48        800         48    53596    53596          0          0          0
543      7.871574e+04   7.563286e+04   5.958705e+04    0.2122   1.307025e+04   2.707800e+01      false       none        882         48        800         48    53695    53695          0          0          0
544      7.667554e+04   7.563286e+04   5.959458e+04    0.2121   1.309715e+04   2.690700e+01      false       none        882         48        800         48    53794    53794          0          0          0
545      7.842147e+04   7.563286e+04   5.959458e+04    0.2121   1.312461e+04   2.745300e+01      false       none        882         48        800         48    53892    53892          0          0          0
546      7.902564e+04   7.563286e+04   5.959478e+04    0.2121   1.315175e+04   2.714100e+01      false       none        882         48        800         48    53990    53990          0          0          0
547      8.050143e+04   7.563286e+04   5.959987e+04    0.2120   1.318006e+04   2.831200e+01      false       none        882         48        800         48    54087    54087          0          0          0
548      7.980930e+04   7.563286e+04   5.959870e+04    0.2120   1.320786e+04   2.779700e+01      false       none        882         48        800         48    54186    54186          0          0          0
549      7.859352e+04   7.563286e+04   5.960493e+04    0.2119   1.323436e+04   2.650000e+01      false       none        882         48        800         48    54284    54284          0          0          0
550      7.870408e+04   7.563286e+04   5.960586e+04    0.2119   1.326098e+04   2.662500e+01      false       none        882         48        800         48    54382    54382          0          0          0
551      7.817509e+04   7.563286e+04   5.960522e+04    0.2119   1.328861e+04   2.762500e+01      false       none        882         48        800         48    54479    54479          0          0          0
552      7.893228e+04   7.563286e+04   5.961502e+04    0.2118   1.331523e+04   2.662500e+01      false       none        882         48        800         48    54577    54577          0          0          0
553      7.866647e+04   7.563286e+04   5.962236e+04    0.2117   1.334181e+04   2.657800e+01      false       none        882         48        800         48    54676    54676          0          0          0
554      7.788199e+04   7.563286e+04   5.962938e+04    0.2116   1.336828e+04   2.646900e+01      false       none        882         48        800         48    54775    54775          0          0          0
555      7.657947e+04   7.563286e+04   5.962600e+04    0.2116   1.339430e+04   2.601600e+01      false       none        882         48        800         48    54874    54874          0          0          0
556      7.799909e+04   7.563286e+04   5.962983e+04    0.2116   1.342092e+04   2.662500e+01      false       none        882         48        800         48    54973    54973          0          0          0
557      7.871774e+04   7.563286e+04   5.962901e+04    0.2116   1.344781e+04   2.689000e+01      false       none        882         48        800         48    55071    55071          0          0          0
558      7.970415e+04   7.563286e+04   5.963212e+04    0.2116   1.347539e+04   2.757800e+01      false       none        882         48        800         48    55169    55169          0          0          0
559      7.754756e+04   7.563286e+04   5.964200e+04    0.2114   1.350234e+04   2.695400e+01      false       none        882         48        800         48    55267    55267          0          0          0
560      7.820287e+04   7.563286e+04   5.964659e+04    0.2114   1.352973e+04   2.739000e+01      false       none        882         48        800         48    55365    55365          0          0          0
561      7.854655e+04   7.563286e+04   5.964663e+04    0.2114   1.355805e+04   2.831200e+01      false       none        882         48        800         48    55463    55463          0          0          0
562      8.109923e+04   7.563286e+04   5.964701e+04    0.2114   1.358884e+04   3.079700e+01      false       none        882         48        800         48    55561    55561          0          0          0
563      7.879434e+04   7.563286e+04   5.965595e+04    0.2112   1.361676e+04   2.792200e+01      false       none        882         48        800         48    55658    55658          0          0          0
564      7.836930e+04   7.563286e+04   5.965996e+04    0.2112   1.364405e+04   2.728100e+01      false       none        882         48        800         48    55757    55757          0          0          0
565      7.809693e+04   7.563286e+04   5.966029e+04    0.2112   1.367161e+04   2.756200e+01      false       none        882         48        800         48    55855    55855          0          0          0
566      7.926543e+04   7.563286e+04   5.966278e+04    0.2112   1.369975e+04   2.814100e+01      false       none        882         48        800         48    55954    55954          0          0          0
567      7.757408e+04   7.563286e+04   5.966462e+04    0.2111   1.372723e+04   2.748400e+01      false       none        882         48        800         48    56051    56051          0          0          0
568      8.131064e+04   7.563286e+04   5.966821e+04    0.2111   1.375608e+04   2.884400e+01      false       none        882         48        800         48    56149    56149          0          0          0
569      8.097894e+04   7.563286e+04   5.967458e+04    0.2110   1.378565e+04   2.957800e+01      false       none        882         48        800         48    56247    56247          0          0          0
570      7.958682e+04   7.563286e+04   5.967604e+04    0.2110   1.381462e+04   2.896900e+01      false       none        882         48        800         48    56346    56346          0          0          0
571      8.137120e+04   7.563286e+04   5.967653e+04    0.2110   1.384364e+04   2.901600e+01      false       none        882         48        800         48    56445    56445          0          0          0
572      7.846568e+04   7.563286e+04   5.968376e+04    0.2109   1.387236e+04   2.871900e+01      false       none        882         48        800         48    56543    56543          0          0          0
573      7.948150e+04   7.563286e+04   5.968499e+04    0.2109   1.389906e+04   2.670300e+01      false       none        882         48        800         48    56642    56642          0          0          0
574      7.748477e+04   7.563286e+04   5.968232e+04    0.2109   1.392564e+04   2.657800e+01      false       none        882         48        800         48    56741    56741          0          0          0
575      7.878297e+04   7.563286e+04   5.968606e+04    0.2108   1.395236e+04   2.671900e+01      false       none        882         48        800         48    56838    56838          0          0          0
576      7.907633e+04   7.563286e+04   5.969712e+04    0.2107   1.397944e+04   2.707800e+01      false       none        882         48        800         48    56936    56936          0          0          0
577      7.947458e+04   7.563286e+04   5.969800e+04    0.2107   1.400712e+04   2.768700e+01      false       none        882         48        800         48    57035    57035          0          0          0
578      7.774180e+04   7.563286e+04   5.969878e+04    0.2107   1.403331e+04   2.618800e+01      false       none        882         48        800         48    57134    57134          0          0          0
579      7.897607e+04   7.563286e+04   5.970000e+04    0.2107   1.406023e+04   2.692200e+01      false       none        882         48        800         48    57232    57232          0          0          0
580      8.111922e+04   7.563286e+04   5.970417e+04    0.2106   1.408775e+04   2.751500e+01      false       none        882         48        800         48    57329    57329          0          0          0
581      8.070125e+04   7.563286e+04   5.970456e+04    0.2106   1.411570e+04   2.795400e+01      false       none        882         48        800         48    57427    57427          0          0          0
582      7.817040e+04   7.563286e+04   5.971173e+04    0.2105   1.414247e+04   2.676500e+01      false       none        882         48        800         48    57526    57526          0          0          0
583      7.865844e+04   7.563286e+04   5.971261e+04    0.2105   1.417034e+04   2.787500e+01      false       none        882         48        800         48    57623    57623          0          0          0
584      8.012704e+04   7.563286e+04   5.971559e+04    0.2105   1.419805e+04   2.770300e+01      false       none        882         48        800         48    57721    57721          0          0          0
585      7.783474e+04   7.563286e+04   5.972110e+04    0.2104   1.422528e+04   2.723500e+01      false       none        882         48        800         48    57818    57818          0          0          0
586      7.910858e+04   7.563286e+04   5.972289e+04    0.2104   1.425314e+04   2.785900e+01      false       none        882         48        800         48    57917    57917          0          0          0
587      7.942052e+04   7.563286e+04   5.972155e+04    0.2104   1.428059e+04   2.745300e+01      false       none        882         48        800         48    58015    58015          0          0          0
588      7.741740e+04   7.563286e+04   5.972155e+04    0.2104   1.430837e+04   2.778200e+01      false       none        882         48        800         48    58113    58113          0          0          0
589      7.750938e+04   7.563286e+04   5.973438e+04    0.2102   1.433565e+04   2.728100e+01      false       none        882         48        800         48    58212    58212          0          0          0
590      8.092394e+04   7.563286e+04   5.973999e+04    0.2101   1.436403e+04   2.837500e+01      false       none        882         48        800         48    58310    58310          0          0          0
591      7.894675e+04   7.563286e+04   5.974438e+04    0.2101   1.439222e+04   2.818800e+01      false       none        882         48        800         48    58409    58409          0          0          0
592      7.772111e+04   7.563286e+04   5.974443e+04    0.2101   1.441959e+04   2.737400e+01      false       none        882         48        800         48    58508    58508          0          0          0

Terminating DynamicSDDiP with status: time_limit
------------------------------------------------------------------------------
 ────────────────────────────────────────────────────────────────────────────────
                                        Time                    Allocations      
                               ───────────────────────   ────────────────────────
       Tot / % measured:            4.01h / 100.0%           1.47TiB / 100.0%    

 Section               ncalls     time    %tot     avg     alloc    %tot      avg
 ────────────────────────────────────────────────────────────────────────────────
 loop                       1    4.01h  100.0%   4.01h   1.47TiB  100.0%  1.47TiB
   iterations             592    4.00h  100.0%   24.4s   1.47TiB  100.0%  2.55GiB
     backward_pass        592    2.14h   53.4%   13.0s   1.47TiB   99.8%  2.54GiB
       solve_BP         1.17M    2.13h   53.3%  6.56ms   1.47TiB   99.8%  1.32MiB
         solve_dual     1.17M    2.12h   53.0%  6.52ms   1.46TiB   99.3%  1.31MiB
           LP_relax...  1.17M    2.12h   52.9%  6.51ms   1.46TiB   99.1%  1.31MiB
             solver...  1.17M    1452s   10.1%  1.24ms   3.39GiB    0.2%  3.03KiB
         space_change   2.34M    381ms    0.0%   163ns     0.00B    0.0%    0.00B
       update_bellman   58.6k    2.95s    0.0%  50.3μs    345MiB    0.0%  6.04KiB
         cut_selection  58.5k   51.6ms    0.0%   882ns   4.92MiB    0.0%    88.2B
     forward_pass         592    1.86h   46.3%   11.3s   2.43GiB    0.2%  4.21MiB
       solve_subpro...  59.2k    1.85h   46.3%   113ms   2.29GiB    0.2%  40.5KiB
         solver_cal...  59.2k    1.85h   46.3%   113ms   1.56GiB    0.1%  27.7KiB
     calculate_bound      592    40.0s    0.3%  67.5ms    122MiB    0.0%   211KiB
       solver_call_...    592    39.4s    0.3%  66.5ms   1.82MiB    0.0%  3.14KiB
 ────────────────────────────────────────────────────────────────────────────────

||||||||||||||||||||||||||||||||||||||||||||||||||||||||||||||||||||||||||||||||||||||||||||||||||||||||||||||||||||||||||||||||||||||||
LAGRANGIAN DUAL SOLUTION RESULTS
mn_opt: 0 times (NaN%)
conv: 0 times (NaN%)
unbounded: 0 times (NaN%)
bound_issues: 0 times (NaN%)
subgr_stalling: 0 times (NaN%)
opt: 0 times (NaN%)
feas_issues: 0 times (NaN%)
sub: 0 times (NaN%)
mn_iter: 0 times (NaN%)
iter: 0 times (NaN%)
mn_issue: 0 times (NaN%)

||||||||||||||||||||||||||||||||||||||||||||||||||||||||||||||||||||||||||||||||||||||||||||||||||||||||||||||||||||||||||||||||||||||||
SIMULATION RESULTS
DynamicSDDiP.Simulation(DynamicSDDiP.InSampleMonteCarlo(), 1000)
Lower bound: 59744.43092194255
Statistical upper bound (confidence interval): 78425.89468483273 ± 73.04935977860274
Pessimistic upper bound: 78498.94404461133
