

#########################################################################################################################################
#########################################################################################################################################
#########################################################################################################################################
#########################################################################################################################################
#########################################################################################################################################
DynamicSDDiP.jl (c) Christian Füllner, 2021
re-uses code from SDDP.jl (c) Oscar Dowson, 2017-21
||||||||||||||||||||||||||||||||||||||||||||||||||||||||||||||||||||||||||||||||||||||||||||||||||||||||||||||||||||||||||||||||||||||||
PATH
calling 
C:\Users\cg4102\.julia\packages\DynamicSDDiP\Z7cZi\src
nothing
DATETIME
2023-04-02T03:35:54.64
||||||||||||||||||||||||||||||||||||||||||||||||||||||||||||||||||||||||||||||||||||||||||||||||||||||||||||||||||||||||||||||||||||||||
STOPPING RULES
SDDP.TimeLimit(28800.0)
SDDP.BoundStalling(20, 0.0001)
||||||||||||||||||||||||||||||||||||||||||||||||||||||||||||||||||||||||||||||||||||||||||||||||||||||||||||||||||||||||||||||||||||||||
REGULARIZATION
DynamicSDDiP.NoRegularization()
||||||||||||||||||||||||||||||||||||||||||||||||||||||||||||||||||||||||||||||||||||||||||||||||||||||||||||||||||||||||||||||||||||||||
CUT GENERATION REGIMES
DynamicSDDiP.CutGenerationRegime(DynamicSDDiP.NoStateApproximation(), DynamicSDDiP.StrengthenedDuality(), 1, Inf, Inf, 0.0, true, 0.0001)

||||||||||||||||||||||||||||||||||||||||||||||||||||||||||||||||||||||||||||||||||||||||||||||||||||||||||||||||||||||||||||||||||||||||
CUT AGGREGATION
DynamicSDDiP.MultiCutRegime()
||||||||||||||||||||||||||||||||||||||||||||||||||||||||||||||||||||||||||||||||||||||||||||||||||||||||||||||||||||||||||||||||||||||||
CUT SELECTION
DynamicSDDiP.NoCutSelection()
||||||||||||||||||||||||||||||||||||||||||||||||||||||||||||||||||||||||||||||||||||||||||||||||||||||||||||||||||||||||||||||||||||||||
LATE BINARIZATION
DynamicSDDiP.NoLateBinarization()
||||||||||||||||||||||||||||||||||||||||||||||||||||||||||||||||||||||||||||||||||||||||||||||||||||||||||||||||||||||||||||||||||||||||
APPLIED SOLVERS (LP, MILP, MIQCP, MINLP, NLP, Lagrange)
DynamicSDDiP.AppliedSolvers(true, "Gurobi", "Gurobi", "Gurobi", "Gurobi", "Gurobi", "Gurobi", "Gurobi", "Gurobi", "Gurobi", 0.0001, 300)
DynamicSDDiP.Direct_Solver()
Numerical focus: false
Silent: true
||||||||||||||||||||||||||||||||||||||||||||||||||||||||||||||||||||||||||||||||||||||||||||||||||||||||||||||||||||||||||||||||||||||||
SAMPLING
Used seed for sampling scenarios: 
11111     
||||||||||||||||||||||||||||||||||||||||||||||||||||||||||||||||||||||||||||||||||||||||||||||||||||||||||||||||||||||||||||||||||||||||
RUN DESCRIPTION

||||||||||||||||||||||||||||||||||||||||||||||||||||||||||||||||||||||||||||||||||||||||||||||||||||||||||||||||||||||||||||||||||||||||
PROBLEM DESCRIPTION
Number of stages: 16
Number of realizations per stage: 20
Seed for scenario tree sampling: 12345
Solver: serial mode

────────────────────────────────────────────────────────────────────────────────────────────────────────────────────────────────────────────────────────────────────────────────────────────────────────
It.#               UB        Best UB             LB       Gap           Time        It_Time           Refinements                            #Var.   #Constr.             #Cuts       Lagrangian Dual                                               
                                                          [%]            [s]            [s]          σ       Bin.      Total      {0,1}          ℤ      Total    Total   Active      # It.    # C-It.  # C-Real.  
────────────────────────────────────────────────────────────────────────────────────────────────────────────────────────────────────────────────────────────────────────────────────────────────────────
1        1.093447e+04   1.093447e+04   5.156505e+03    0.5284   1.906000e+00   1.906000e+00      false       none        100         33          0          4      300      300          0          0          0
2        1.172166e+04   1.093447e+04   5.201929e+03    0.5243   4.437000e+00   2.531000e+00      false       none        100         33          0          4      569      569          0          0          0
3        8.737866e+03   8.737866e+03   5.267777e+03    0.3971   7.500000e+00   3.063000e+00      false       none        100         33          0          4      825      825          0          0          0
4        8.126487e+03   8.126487e+03   5.375187e+03    0.3386   1.043700e+01   2.937000e+00      false       none        100         33          0          4     1064     1064          0          0          0
5        9.063774e+03   8.126487e+03   5.421598e+03    0.3328   1.359300e+01   3.156000e+00      false       none        100         33          0          4     1296     1296          0          0          0
6        8.398221e+03   8.126487e+03   5.518827e+03    0.3209   1.725000e+01   3.657000e+00      false       none        100         33          0          4     1485     1485          0          0          0
7        9.362282e+03   8.126487e+03   5.545571e+03    0.3176   2.065600e+01   3.406000e+00      false       none        100         33          0          4     1662     1662          0          0          0
8        9.143338e+03   8.126487e+03   5.573761e+03    0.3141   2.431200e+01   3.656000e+00      false       none        100         33          0          4     1889     1889          0          0          0
9        9.355575e+03   8.126487e+03   5.653838e+03    0.3043   2.793700e+01   3.625000e+00      false       none        100         33          0          4     2043     2043          0          0          0
10       8.865030e+03   8.126487e+03   5.659717e+03    0.3035   3.196800e+01   4.031000e+00      false       none        100         33          0          4     2198     2198          0          0          0
11       7.469061e+03   7.469061e+03   5.746454e+03    0.2306   3.595300e+01   3.985000e+00      false       none        100         33          0          4     2370     2370          0          0          0
12       9.315729e+03   7.469061e+03   5.756292e+03    0.2293   4.001500e+01   4.062000e+00      false       none        100         33          0          4     2503     2503          0          0          0
13       6.453475e+03   6.453475e+03   5.757913e+03    0.1078   4.425000e+01   4.235000e+00      false       none        100         33          0          4     2614     2614          0          0          0
14       8.914830e+03   6.453475e+03   5.761201e+03    0.1073   4.867200e+01   4.422000e+00      false       none        100         33          0          4     2756     2756          0          0          0
15       1.096123e+04   6.453475e+03   5.761961e+03    0.1072   5.303100e+01   4.359000e+00      false       none        100         33          0          4     2880     2880          0          0          0
16       7.468142e+03   6.453475e+03   5.761961e+03    0.1072   5.837500e+01   5.344000e+00      false       none        100         33          0          4     2951     2951          0          0          0
17       7.288519e+03   6.453475e+03   5.762719e+03    0.1070   6.321900e+01   4.844000e+00      false       none        100         33          0          4     3069     3069          0          0          0
18       7.735821e+03   6.453475e+03   5.766509e+03    0.1064   6.826500e+01   5.046000e+00      false       none        100         33          0          4     3189     3189          0          0          0
19       7.400074e+03   6.453475e+03   5.766509e+03    0.1064   7.340600e+01   5.141000e+00      false       none        100         33          0          4     3287     3287          0          0          0
20       7.751382e+03   6.453475e+03   5.766509e+03    0.1064   7.850000e+01   5.094000e+00      false       none        100         33          0          4     3385     3385          0          0          0
21       9.372191e+03   6.453475e+03   5.778071e+03    0.1047   8.364000e+01   5.140000e+00      false       none        100         33          0          4     3544     3544          0          0          0
22       8.940317e+03   6.453475e+03   5.780101e+03    0.1043   8.868700e+01   5.047000e+00      false       none        100         33          0          4     3690     3690          0          0          0
23       6.671262e+03   6.453475e+03   5.780555e+03    0.1043   9.403100e+01   5.344000e+00      false       none        100         33          0          4     3807     3807          0          0          0
24       8.321979e+03   6.453475e+03   5.780591e+03    0.1043   9.935900e+01   5.328000e+00      false       none        100         33          0          4     3947     3947          0          0          0
25       7.968387e+03   6.453475e+03   5.806420e+03    0.1003   1.046720e+02   5.313000e+00      false       none        100         33          0          4     4077     4077          0          0          0
26       8.831742e+03   6.453475e+03   5.811406e+03    0.0995   1.103590e+02   5.687000e+00      false       none        100         33          0          4     4170     4170          0          0          0
27       8.195841e+03   6.453475e+03   5.811439e+03    0.0995   1.159220e+02   5.563000e+00      false       none        100         33          0          4     4278     4278          0          0          0
28       7.637732e+03   6.453475e+03   5.811821e+03    0.0994   1.219370e+02   6.015000e+00      false       none        100         33          0          4     4350     4350          0          0          0
29       8.432763e+03   6.453475e+03   5.813285e+03    0.0992   1.276090e+02   5.672000e+00      false       none        100         33          0          4     4476     4476          0          0          0
30       8.206666e+03   6.453475e+03   5.817295e+03    0.0986   1.334530e+02   5.844000e+00      false       none        100         33          0          4     4570     4570          0          0          0
31       8.384842e+03   6.453475e+03   5.822473e+03    0.0978   1.395620e+02   6.109000e+00      false       none        100         33          0          4     4693     4693          0          0          0
32       8.246833e+03   6.453475e+03   5.825872e+03    0.0973   1.454840e+02   5.922000e+00      false       none        100         33          0          4     4816     4816          0          0          0
33       1.051173e+04   6.453475e+03   5.829721e+03    0.0967   1.515160e+02   6.032000e+00      false       none        100         33          0          4     4964     4964          0          0          0
34       1.057051e+04   6.453475e+03   5.829721e+03    0.0967   1.574690e+02   5.953000e+00      false       none        100         33          0          4     5026     5026          0          0          0
35       8.533309e+03   6.453475e+03   5.829985e+03    0.0966   1.637030e+02   6.234000e+00      false       none        100         33          0          4     5088     5088          0          0          0
36       7.253044e+03   6.453475e+03   5.830015e+03    0.0966   1.700160e+02   6.313000e+00      false       none        100         33          0          4     5160     5160          0          0          0
37       8.887278e+03   6.453475e+03   5.831577e+03    0.0964   1.761560e+02   6.140000e+00      false       none        100         33          0          4     5262     5262          0          0          0
38       8.528903e+03   6.453475e+03   5.842709e+03    0.0946   1.825000e+02   6.344000e+00      false       none        100         33          0          4     5379     5379          0          0          0
39       7.030723e+03   6.453475e+03   5.843870e+03    0.0945   1.890310e+02   6.531000e+00      false       none        100         33          0          4     5480     5480          0          0          0
40       9.696146e+03   6.453475e+03   5.851139e+03    0.0933   1.955780e+02   6.547000e+00      false       none        100         33          0          4     5578     5578          0          0          0
41       7.291913e+03   6.453475e+03   5.855437e+03    0.0927   2.023910e+02   6.813000e+00      false       none        100         33          0          4     5670     5670          0          0          0
42       6.915467e+03   6.453475e+03   5.859852e+03    0.0920   2.091250e+02   6.734000e+00      false       none        100         33          0          4     5753     5753          0          0          0
43       8.420445e+03   6.453475e+03   5.862025e+03    0.0916   2.158590e+02   6.734000e+00      false       none        100         33          0          4     5865     5865          0          0          0
44       8.327154e+03   6.453475e+03   5.862025e+03    0.0916   2.225780e+02   6.719000e+00      false       none        100         33          0          4     5934     5934          0          0          0
45       1.136799e+04   6.453475e+03   5.863109e+03    0.0915   2.295310e+02   6.953000e+00      false       none        100         33          0          4     6043     6043          0          0          0
46       9.291945e+03   6.453475e+03   5.863109e+03    0.0915   2.366560e+02   7.125000e+00      false       none        100         33          0          4     6126     6126          0          0          0
47       8.887234e+03   6.453475e+03   5.863169e+03    0.0915   2.436250e+02   6.969000e+00      false       none        100         33          0          4     6176     6176          0          0          0
48       8.138372e+03   6.453475e+03   5.863169e+03    0.0915   2.505000e+02   6.875000e+00      false       none        100         33          0          4     6272     6272          0          0          0
49       8.785583e+03   6.453475e+03   5.863197e+03    0.0915   2.575310e+02   7.031000e+00      false       none        100         33          0          4     6330     6330          0          0          0
50       8.359746e+03   6.453475e+03   5.865382e+03    0.0911   2.647030e+02   7.172000e+00      false       none        100         33          0          4     6445     6445          0          0          0
51       9.362646e+03   6.453475e+03   5.865884e+03    0.0911   2.722500e+02   7.547000e+00      false       none        100         33          0          4     6536     6536          0          0          0
52       9.229676e+03   6.453475e+03   5.869336e+03    0.0905   2.794380e+02   7.188000e+00      false       none        100         33          0          4     6669     6669          0          0          0
53       8.984096e+03   6.453475e+03   5.869336e+03    0.0905   2.869690e+02   7.531000e+00      false       none        100         33          0          4     6715     6715          0          0          0
54       1.070213e+04   6.453475e+03   5.870023e+03    0.0904   2.944380e+02   7.469000e+00      false       none        100         33          0          4     6764     6764          0          0          0
55       8.517849e+03   6.453475e+03   5.870711e+03    0.0903   3.016560e+02   7.218000e+00      false       none        100         33          0          4     6791     6791          0          0          0
56       7.558603e+03   6.453475e+03   5.871695e+03    0.0901   3.094380e+02   7.782000e+00      false       none        100         33          0          4     6843     6843          0          0          0
57       9.577152e+03   6.453475e+03   5.871695e+03    0.0901   3.171100e+02   7.672000e+00      false       none        100         33          0          4     6890     6890          0          0          0
58       7.563292e+03   6.453475e+03   5.871695e+03    0.0901   3.249070e+02   7.797000e+00      false       none        100         33          0          4     6937     6937          0          0          0
59       9.430462e+03   6.453475e+03   5.872582e+03    0.0900   3.325940e+02   7.687000e+00      false       none        100         33          0          4     6996     6996          0          0          0
60       8.746099e+03   6.453475e+03   5.874234e+03    0.0898   3.402350e+02   7.641000e+00      false       none        100         33          0          4     7095     7095          0          0          0
61       7.708443e+03   6.453475e+03   5.881589e+03    0.0886   3.487030e+02   8.468000e+00      false       none        100         33          0          4     7199     7199          0          0          0
62       9.744045e+03   6.453475e+03   5.881589e+03    0.0886   3.571100e+02   8.407000e+00      false       none        100         33          0          4     7284     7284          0          0          0
63       1.135871e+04   6.453475e+03   5.881589e+03    0.0886   3.647970e+02   7.687000e+00      false       none        100         33          0          4     7302     7302          0          0          0
64       8.632180e+03   6.453475e+03   5.881717e+03    0.0886   3.726570e+02   7.860000e+00      false       none        100         33          0          4     7353     7353          0          0          0
65       7.201311e+03   6.453475e+03   5.881772e+03    0.0886   3.807970e+02   8.140000e+00      false       none        100         33          0          4     7389     7389          0          0          0
66       8.767404e+03   6.453475e+03   5.882231e+03    0.0885   3.888280e+02   8.031000e+00      false       none        100         33          0          4     7432     7432          0          0          0
67       9.832416e+03   6.453475e+03   5.882264e+03    0.0885   3.968130e+02   7.985000e+00      false       none        100         33          0          4     7495     7495          0          0          0
68       1.025077e+04   6.453475e+03   5.883392e+03    0.0883   4.047660e+02   7.953000e+00      false       none        100         33          0          4     7557     7557          0          0          0
69       7.785158e+03   6.453475e+03   5.883392e+03    0.0883   4.129690e+02   8.203000e+00      false       none        100         33          0          4     7613     7613          0          0          0
70       9.226290e+03   6.453475e+03   5.883392e+03    0.0883   4.213130e+02   8.344000e+00      false       none        100         33          0          4     7660     7660          0          0          0
71       1.159803e+04   6.453475e+03   5.886620e+03    0.0878   4.294690e+02   8.156000e+00      false       none        100         33          0          4     7756     7756          0          0          0
72       7.375670e+03   6.453475e+03   5.886931e+03    0.0878   4.380630e+02   8.594000e+00      false       none        100         33          0          4     7842     7842          0          0          0
73       6.906507e+03   6.453475e+03   5.888024e+03    0.0876   4.463600e+02   8.297000e+00      false       none        100         33          0          4     7959     7959          0          0          0
74       7.469729e+03   6.453475e+03   5.888024e+03    0.0876   4.550940e+02   8.734000e+00      false       none        100         33          0          4     8040     8040          0          0          0
75       9.251790e+03   6.453475e+03   5.888024e+03    0.0876   4.635320e+02   8.438000e+00      false       none        100         33          0          4     8116     8116          0          0          0
76       9.270546e+03   6.453475e+03   5.889054e+03    0.0875   4.719690e+02   8.437000e+00      false       none        100         33          0          4     8246     8246          0          0          0
77       9.755959e+03   6.453475e+03   5.889054e+03    0.0875   4.805630e+02   8.594000e+00      false       none        100         33          0          4     8283     8283          0          0          0
78       6.877034e+03   6.453475e+03   5.890739e+03    0.0872   4.895010e+02   8.938000e+00      false       none        100         33          0          4     8396     8396          0          0          0
79       6.815369e+03   6.453475e+03   5.890739e+03    0.0872   4.983130e+02   8.812000e+00      false       none        100         33          0          4     8451     8451          0          0          0
80       8.761148e+03   6.453475e+03   5.892578e+03    0.0869   5.071570e+02   8.844000e+00      false       none        100         33          0          4     8551     8551          0          0          0
81       8.340206e+03   6.453475e+03   5.898798e+03    0.0860   5.165160e+02   9.359000e+00      false       none        100         33          0          4     8655     8655          0          0          0
82       1.174421e+04   6.453475e+03   5.901237e+03    0.0856   5.254690e+02   8.953000e+00      false       none        100         33          0          4     8748     8748          0          0          0
83       1.178406e+04   6.453475e+03   5.901237e+03    0.0856   5.341730e+02   8.704000e+00      false       none        100         33          0          4     8766     8766          0          0          0
84       9.163018e+03   6.453475e+03   5.904808e+03    0.0850   5.433760e+02   9.203000e+00      false       none        100         33          0          4     8820     8820          0          0          0
85       9.619972e+03   6.453475e+03   5.911591e+03    0.0840   5.522190e+02   8.843000e+00      false       none        100         33          0          4     8925     8925          0          0          0
86       1.069165e+04   6.453475e+03   5.911591e+03    0.0840   5.611260e+02   8.907000e+00      false       none        100         33          0          4     8956     8956          0          0          0
87       8.124696e+03   6.453475e+03   5.912150e+03    0.0839   5.703600e+02   9.234000e+00      false       none        100         33          0          4     8988     8988          0          0          0
88       7.500861e+03   6.453475e+03   5.912921e+03    0.0838   5.791880e+02   8.828000e+00      false       none        100         33          0          4     9021     9021          0          0          0
89       6.863612e+03   6.453475e+03   5.912921e+03    0.0838   5.882820e+02   9.094000e+00      false       none        100         33          0          4     9051     9051          0          0          0
90       9.153497e+03   6.453475e+03   5.912921e+03    0.0838   5.976410e+02   9.359000e+00      false       none        100         33          0          4     9069     9069          0          0          0
91       8.488059e+03   6.453475e+03   5.912921e+03    0.0838   6.065480e+02   8.907000e+00      false       none        100         33          0          4     9102     9102          0          0          0
92       8.636619e+03   6.453475e+03   5.912921e+03    0.0838   6.156100e+02   9.062000e+00      false       none        100         33          0          4     9140     9140          0          0          0
93       1.076752e+04   6.453475e+03   5.917216e+03    0.0831   6.251100e+02   9.500000e+00      false       none        100         33          0          4     9196     9196          0          0          0
94       8.652240e+03   6.453475e+03   5.917216e+03    0.0831   6.345010e+02   9.391000e+00      false       none        100         33          0          4     9235     9235          0          0          0
95       7.263718e+03   6.453475e+03   5.917216e+03    0.0831   6.441100e+02   9.609000e+00      false       none        100         33          0          4     9278     9278          0          0          0
96       7.664707e+03   6.453475e+03   5.917216e+03    0.0831   6.535010e+02   9.391000e+00      false       none        100         33          0          4     9309     9309          0          0          0
97       8.953444e+03   6.453475e+03   5.917216e+03    0.0831   6.628910e+02   9.390000e+00      false       none        100         33          0          4     9327     9327          0          0          0
98       8.274307e+03   6.453475e+03   5.917216e+03    0.0831   6.721880e+02   9.297000e+00      false       none        100         33          0          4     9406     9406          0          0          0
99       8.182163e+03   6.453475e+03   5.917216e+03    0.0831   6.819700e+02   9.782000e+00      false       none        100         33          0          4     9433     9433          0          0          0
100      7.777972e+03   6.453475e+03   5.917216e+03    0.0831   6.917660e+02   9.796000e+00      false       none        100         33          0          4     9467     9467          0          0          0
101      9.606057e+03   6.453475e+03   5.917216e+03    0.0831   7.011260e+02   9.360000e+00      false       none        100         33          0          4     9491     9491          0          0          0
102      6.061816e+03   6.061816e+03   5.917216e+03    0.0239   7.119540e+02   1.082800e+01      false       none        100         33          0          4     9635     9635          0          0          0
103      9.726868e+03   6.061816e+03   5.917276e+03    0.0238   7.218130e+02   9.859000e+00      false       none        100         33          0          4     9700     9700          0          0          0
104      8.145722e+03   6.061816e+03   5.917276e+03    0.0238   7.314070e+02   9.594000e+00      false       none        100         33          0          4     9740     9740          0          0          0
105      9.152540e+03   6.061816e+03   5.917364e+03    0.0238   7.411420e+02   9.735000e+00      false       none        100         33          0          4     9823     9823          0          0          0
106      6.397917e+03   6.061816e+03   5.917364e+03    0.0238   7.512200e+02   1.007800e+01      false       none        100         33          0          4     9879     9879          0          0          0
107      8.748548e+03   6.061816e+03   5.917364e+03    0.0238   7.613600e+02   1.014000e+01      false       none        100         33          0          4     9997     9997          0          0          0
108      7.988886e+03   6.061816e+03   5.917852e+03    0.0237   7.712980e+02   9.938000e+00      false       none        100         33          0          4    10053    10053          0          0          0
109      7.457603e+03   6.061816e+03   5.917852e+03    0.0237   7.814390e+02   1.014100e+01      false       none        100         33          0          4    10093    10093          0          0          0
110      8.866519e+03   6.061816e+03   5.917980e+03    0.0237   7.915010e+02   1.006200e+01      false       none        100         33          0          4    10159    10159          0          0          0
111      6.787960e+03   6.061816e+03   5.918029e+03    0.0237   8.021100e+02   1.060900e+01      false       none        100         33          0          4    10267    10267          0          0          0
112      9.238196e+03   6.061816e+03   5.920332e+03    0.0233   8.123920e+02   1.028200e+01      false       none        100         33          0          4    10352    10352          0          0          0
113      8.473241e+03   6.061816e+03   5.921992e+03    0.0231   8.231100e+02   1.071800e+01      false       none        100         33          0          4    10434    10434          0          0          0
114      7.836616e+03   6.061816e+03   5.923253e+03    0.0229   8.335950e+02   1.048500e+01      false       none        100         33          0          4    10480    10480          0          0          0
115      1.066151e+04   6.061816e+03   5.923688e+03    0.0228   8.439070e+02   1.031200e+01      false       none        100         33          0          4    10555    10555          0          0          0
116      8.487344e+03   6.061816e+03   5.926274e+03    0.0224   8.549540e+02   1.104700e+01      false       none        100         33          0          4    10663    10663          0          0          0
117      6.585586e+03   6.061816e+03   5.926314e+03    0.0224   8.657360e+02   1.078200e+01      false       none        100         33          0          4    10707    10707          0          0          0
118      8.961067e+03   6.061816e+03   5.929567e+03    0.0218   8.761110e+02   1.037500e+01      false       none        100         33          0          4    10766    10766          0          0          0
119      9.703829e+03   6.061816e+03   5.929780e+03    0.0218   8.867820e+02   1.067100e+01      false       none        100         33          0          4    10816    10816          0          0          0
120      9.158749e+03   6.061816e+03   5.930460e+03    0.0217   8.975790e+02   1.079700e+01      false       none        100         33          0          4    10889    10889          0          0          0
121      8.919877e+03   6.061816e+03   5.930460e+03    0.0217   9.084540e+02   1.087500e+01      false       none        100         33          0          4    10959    10959          0          0          0
122      7.634501e+03   6.061816e+03   5.931226e+03    0.0215   9.190950e+02   1.064100e+01      false       none        100         33          0          4    11067    11067          0          0          0
123      1.171811e+04   6.061816e+03   5.931258e+03    0.0215   9.297980e+02   1.070300e+01      false       none        100         33          0          4    11112    11112          0          0          0
124      6.075721e+03   6.061816e+03   5.931258e+03    0.0215   9.418760e+02   1.207800e+01      false       none        100         33          0          4    11222    11222          0          0          0
125      1.002226e+04   6.061816e+03   5.936492e+03    0.0207   9.535790e+02   1.170300e+01      false       none        100         33          0          4    11297    11297          0          0          0
126      6.249476e+03   6.061816e+03   5.942266e+03    0.0197   9.655330e+02   1.195400e+01      false       none        100         33          0          4    11416    11416          0          0          0
127      8.607749e+03   6.061816e+03   5.943154e+03    0.0196   9.774860e+02   1.195300e+01      false       none        100         33          0          4    11494    11494          0          0          0
128      7.794395e+03   6.061816e+03   5.943307e+03    0.0196   9.887980e+02   1.131200e+01      false       none        100         33          0          4    11567    11567          0          0          0
129      9.327071e+03   6.061816e+03   5.943307e+03    0.0196   1.000986e+03   1.218800e+01      false       none        100         33          0          4    11650    11650          0          0          0
130      1.064486e+04   6.061816e+03   5.951548e+03    0.0182   1.012517e+03   1.153100e+01      false       none        100         33          0          4    11755    11755          0          0          0
131      7.417227e+03   6.061816e+03   5.951548e+03    0.0182   1.024142e+03   1.162500e+01      false       none        100         33          0          4    11826    11826          0          0          0
132      6.794942e+03   6.061816e+03   5.951548e+03    0.0182   1.035767e+03   1.162500e+01      false       none        100         33          0          4    11855    11855          0          0          0
133      9.314078e+03   6.061816e+03   5.951548e+03    0.0182   1.046986e+03   1.121900e+01      false       none        100         33          0          4    11910    11910          0          0          0
134      7.997477e+03   6.061816e+03   5.951578e+03    0.0182   1.058783e+03   1.179700e+01      false       none        100         33          0          4    11950    11950          0          0          0
135      8.123354e+03   6.061816e+03   5.951578e+03    0.0182   1.070923e+03   1.214000e+01      false       none        100         33          0          4    12028    12028          0          0          0
136      8.187788e+03   6.061816e+03   5.951578e+03    0.0182   1.082705e+03   1.178200e+01      false       none        100         33          0          4    12066    12066          0          0          0
137      9.899474e+03   6.061816e+03   5.951578e+03    0.0182   1.094439e+03   1.173400e+01      false       none        100         33          0          4    12123    12123          0          0          0
138      8.379133e+03   6.061816e+03   5.951578e+03    0.0182   1.106142e+03   1.170300e+01      false       none        100         33          0          4    12160    12160          0          0          0
139      8.116145e+03   6.061816e+03   5.951623e+03    0.0182   1.118736e+03   1.259400e+01      false       none        100         33          0          4    12215    12215          0          0          0
140      9.012900e+03   6.061816e+03   5.952398e+03    0.0181   1.130455e+03   1.171900e+01      false       none        100         33          0          4    12289    12289          0          0          0
141      1.049674e+04   6.061816e+03   5.953659e+03    0.0178   1.142424e+03   1.196900e+01      false       none        100         33          0          4    12401    12401          0          0          0
142      6.448010e+03   6.061816e+03   5.953659e+03    0.0178   1.154580e+03   1.215600e+01      false       none        100         33          0          4    12442    12442          0          0          0
143      7.948415e+03   6.061816e+03   5.953695e+03    0.0178   1.167346e+03   1.276600e+01      false       none        100         33          0          4    12479    12479          0          0          0
144      8.130798e+03   6.061816e+03   5.954355e+03    0.0177   1.179377e+03   1.203100e+01      false       none        100         33          0          4    12541    12541          0          0          0
145      7.566839e+03   6.061816e+03   5.955690e+03    0.0175   1.191455e+03   1.207800e+01      false       none        100         33          0          4    12626    12626          0          0          0
146      9.876980e+03   6.061816e+03   5.957175e+03    0.0173   1.204017e+03   1.256200e+01      false       none        100         33          0          4    12667    12667          0          0          0
147      6.546641e+03   6.061816e+03   5.957175e+03    0.0173   1.216174e+03   1.215700e+01      false       none        100         33          0          4    12676    12676          0          0          0
148      1.003584e+04   6.061816e+03   5.957175e+03    0.0173   1.228486e+03   1.231200e+01      false       none        100         33          0          4    12731    12731          0          0          0
149      7.008512e+03   6.061816e+03   5.957175e+03    0.0173   1.241127e+03   1.264100e+01      false       none        100         33          0          4    12769    12769          0          0          0
150      6.965657e+03   6.061816e+03   5.957336e+03    0.0172   1.253346e+03   1.221900e+01      false       none        100         33          0          4    12801    12801          0          0          0
151      7.575288e+03   6.061816e+03   5.957336e+03    0.0172   1.266189e+03   1.284300e+01      false       none        100         33          0          4    12830    12830          0          0          0
152      8.475268e+03   6.061816e+03   5.957336e+03    0.0172   1.279080e+03   1.289100e+01      false       none        100         33          0          4    12880    12880          0          0          0
153      6.134703e+03   6.061816e+03   5.957336e+03    0.0172   1.291846e+03   1.276600e+01      false       none        100         33          0          4    12914    12914          0          0          0
154      7.841386e+03   6.061816e+03   5.957429e+03    0.0172   1.304955e+03   1.310900e+01      false       none        100         33          0          4    12981    12981          0          0          0
155      1.044954e+04   6.061816e+03   5.963068e+03    0.0163   1.317486e+03   1.253100e+01      false       none        100         33          0          4    13049    13049          0          0          0
156      8.209262e+03   6.061816e+03   5.967014e+03    0.0156   1.330658e+03   1.317200e+01      false       none        100         33          0          4    13185    13185          0          0          0
157      9.238044e+03   6.061816e+03   5.967014e+03    0.0156   1.343143e+03   1.248500e+01      false       none        100         33          0          4    13206    13206          0          0          0
158      8.122953e+03   6.061816e+03   5.967014e+03    0.0156   1.355627e+03   1.248400e+01      false       none        100         33          0          4    13246    13246          0          0          0
159      7.356459e+03   6.061816e+03   5.967014e+03    0.0156   1.368643e+03   1.301600e+01      false       none        100         33          0          4    13302    13302          0          0          0
160      9.029900e+03   6.061816e+03   5.967460e+03    0.0156   1.381299e+03   1.265600e+01      false       none        100         33          0          4    13342    13342          0          0          0
161      7.511423e+03   6.061816e+03   5.967460e+03    0.0156   1.393815e+03   1.251600e+01      false       none        100         33          0          4    13406    13406          0          0          0
162      9.115434e+03   6.061816e+03   5.967460e+03    0.0156   1.406377e+03   1.256200e+01      false       none        100         33          0          4    13426    13426          0          0          0
163      8.459502e+03   6.061816e+03   5.967460e+03    0.0156   1.419893e+03   1.351600e+01      false       none        100         33          0          4    13489    13489          0          0          0
164      7.717357e+03   6.061816e+03   5.967852e+03    0.0155   1.432830e+03   1.293700e+01      false       none        100         33          0          4    13551    13551          0          0          0
165      9.076049e+03   6.061816e+03   5.968189e+03    0.0154   1.445424e+03   1.259400e+01      false       none        100         33          0          4    13589    13589          0          0          0
166      1.138146e+04   6.061816e+03   5.969199e+03    0.0153   1.458424e+03   1.300000e+01      false       none        100         33          0          4    13669    13669          0          0          0
167      8.320917e+03   6.061816e+03   5.969199e+03    0.0153   1.471049e+03   1.262500e+01      false       none        100         33          0          4    13681    13681          0          0          0
168      9.495991e+03   6.061816e+03   5.969199e+03    0.0153   1.484002e+03   1.295300e+01      false       none        100         33          0          4    13701    13701          0          0          0
169      9.612995e+03   6.061816e+03   5.969373e+03    0.0152   1.496830e+03   1.282800e+01      false       none        100         33          0          4    13752    13752          0          0          0
170      9.166311e+03   6.061816e+03   5.969373e+03    0.0152   1.510268e+03   1.343800e+01      false       none        100         33          0          4    13803    13803          0          0          0
171      7.497186e+03   6.061816e+03   5.969373e+03    0.0152   1.524455e+03   1.418700e+01      false       none        100         33          0          4    13884    13884          0          0          0
172      8.558588e+03   6.061816e+03   5.969869e+03    0.0152   1.537752e+03   1.329700e+01      false       none        100         33          0          4    13926    13926          0          0          0
173      8.998429e+03   6.061816e+03   5.969869e+03    0.0152   1.550924e+03   1.317200e+01      false       none        100         33          0          4    13959    13959          0          0          0
174      9.346168e+03   6.061816e+03   5.970006e+03    0.0151   1.563815e+03   1.289100e+01      false       none        100         33          0          4    13985    13985          0          0          0
175      9.733138e+03   6.061816e+03   5.970006e+03    0.0151   1.577221e+03   1.340600e+01      false       none        100         33          0          4    14017    14017          0          0          0
176      8.375654e+03   6.061816e+03   5.970006e+03    0.0151   1.590690e+03   1.346900e+01      false       none        100         33          0          4    14070    14070          0          0          0
177      1.044258e+04   6.061816e+03   5.970006e+03    0.0151   1.603643e+03   1.295300e+01      false       none        100         33          0          4    14094    14094          0          0          0
178      8.921604e+03   6.061816e+03   5.970548e+03    0.0151   1.617737e+03   1.409400e+01      false       none        100         33          0          4    14144    14144          0          0          0
179      6.778368e+03   6.061816e+03   5.970548e+03    0.0151   1.631549e+03   1.381200e+01      false       none        100         33          0          4    14200    14200          0          0          0
180      8.597004e+03   6.061816e+03   5.970548e+03    0.0151   1.645393e+03   1.384400e+01      false       none        100         33          0          4    14242    14242          0          0          0
181      6.113873e+03   6.061816e+03   5.970548e+03    0.0151   1.659924e+03   1.453100e+01      false       none        100         33          0          4    14317    14317          0          0          0
182      9.023335e+03   6.061816e+03   5.970548e+03    0.0151   1.673378e+03   1.345400e+01      false       none        100         33          0          4    14339    14339          0          0          0
183      7.895942e+03   6.061816e+03   5.970739e+03    0.0150   1.686846e+03   1.346800e+01      false       none        100         33          0          4    14381    14381          0          0          0
184      9.271845e+03   6.061816e+03   5.970739e+03    0.0150   1.700362e+03   1.351600e+01      false       none        100         33          0          4    14410    14410          0          0          0
185      7.160930e+03   6.061816e+03   5.970739e+03    0.0150   1.714175e+03   1.381300e+01      false       none        100         33          0          4    14430    14430          0          0          0
186      8.387247e+03   6.061816e+03   5.970739e+03    0.0150   1.727471e+03   1.329600e+01      false       none        100         33          0          4    14449    14449          0          0          0
187      7.245236e+03   6.061816e+03   5.970872e+03    0.0150   1.741878e+03   1.440700e+01      false       none        100         33          0          4    14528    14528          0          0          0
188      7.814215e+03   6.061816e+03   5.970872e+03    0.0150   1.755643e+03   1.376500e+01      false       none        100         33          0          4    14546    14546          0          0          0
189      9.034181e+03   6.061816e+03   5.971995e+03    0.0148   1.769206e+03   1.356300e+01      false       none        100         33          0          4    14636    14636          0          0          0
190      8.158440e+03   6.061816e+03   5.971995e+03    0.0148   1.783050e+03   1.384400e+01      false       none        100         33          0          4    14674    14674          0          0          0
191      7.317555e+03   6.061816e+03   5.971995e+03    0.0148   1.796893e+03   1.384300e+01      false       none        100         33          0          4    14695    14695          0          0          0
192      7.579225e+03   6.061816e+03   5.972535e+03    0.0147   1.810800e+03   1.390700e+01      false       none        100         33          0          4    14772    14772          0          0          0
193      8.019142e+03   6.061816e+03   5.972535e+03    0.0147   1.826018e+03   1.521800e+01      false       none        100         33          0          4    14825    14825          0          0          0
194      7.850779e+03   6.061816e+03   5.972535e+03    0.0147   1.840815e+03   1.479700e+01      false       none        100         33          0          4    14854    14854          0          0          0
195      7.996464e+03   6.061816e+03   5.973005e+03    0.0147   1.856018e+03   1.520300e+01      false       none        100         33          0          4    14909    14909          0          0          0
196      7.837258e+03   6.061816e+03   5.973005e+03    0.0147   1.871003e+03   1.498500e+01      false       none        100         33          0          4    14968    14968          0          0          0
197      9.223130e+03   6.061816e+03   5.973150e+03    0.0146   1.885565e+03   1.456200e+01      false       none        100         33          0          4    15028    15028          0          0          0
198      7.875712e+03   6.061816e+03   5.973150e+03    0.0146   1.900472e+03   1.490700e+01      false       none        100         33          0          4    15072    15072          0          0          0
199      8.147499e+03   6.061816e+03   5.973150e+03    0.0146   1.915253e+03   1.478100e+01      false       none        100         33          0          4    15118    15118          0          0          0
200      9.245623e+03   6.061816e+03   5.973150e+03    0.0146   1.929675e+03   1.442200e+01      false       none        100         33          0          4    15130    15130          0          0          0
201      8.517013e+03   6.061816e+03   5.973565e+03    0.0146   1.944097e+03   1.442200e+01      false       none        100         33          0          4    15173    15173          0          0          0
202      8.444629e+03   6.061816e+03   5.974640e+03    0.0144   1.958894e+03   1.479700e+01      false       none        100         33          0          4    15215    15215          0          0          0
203      8.118799e+03   6.061816e+03   5.976392e+03    0.0141   1.973144e+03   1.425000e+01      false       none        100         33          0          4    15256    15256          0          0          0
204      7.248225e+03   6.061816e+03   5.976392e+03    0.0141   1.987519e+03   1.437500e+01      false       none        100         33          0          4    15267    15267          0          0          0
205      6.834419e+03   6.061816e+03   5.976455e+03    0.0141   2.003050e+03   1.553100e+01      false       none        100         33          0          4    15343    15343          0          0          0
206      8.068724e+03   6.061816e+03   5.976455e+03    0.0141   2.017363e+03   1.431300e+01      false       none        100         33          0          4    15350    15350          0          0          0
207      8.554831e+03   6.061816e+03   5.976455e+03    0.0141   2.032456e+03   1.509300e+01      false       none        100         33          0          4    15386    15386          0          0          0
208      8.803956e+03   6.061816e+03   5.977420e+03    0.0139   2.046847e+03   1.439100e+01      false       none        100         33          0          4    15412    15412          0          0          0
209      6.979177e+03   6.061816e+03   5.977420e+03    0.0139   2.061597e+03   1.475000e+01      false       none        100         33          0          4    15434    15434          0          0          0
210      7.986879e+03   6.061816e+03   5.977420e+03    0.0139   2.076738e+03   1.514100e+01      false       none        100         33          0          4    15452    15452          0          0          0
211      8.786423e+03   6.061816e+03   5.977448e+03    0.0139   2.091472e+03   1.473400e+01      false       none        100         33          0          4    15470    15470          0          0          0
212      7.894317e+03   6.061816e+03   5.977448e+03    0.0139   2.106285e+03   1.481300e+01      false       none        100         33          0          4    15500    15500          0          0          0
213      8.629775e+03   6.061816e+03   5.977448e+03    0.0139   2.120910e+03   1.462500e+01      false       none        100         33          0          4    15517    15517          0          0          0
214      1.089286e+04   6.061816e+03   5.977448e+03    0.0139   2.135597e+03   1.468700e+01      false       none        100         33          0          4    15521    15521          0          0          0
215      9.873594e+03   6.061816e+03   5.977448e+03    0.0139   2.150003e+03   1.440600e+01      false       none        100         33          0          4    15522    15522          0          0          0
216      9.817764e+03   6.061816e+03   5.977448e+03    0.0139   2.164910e+03   1.490700e+01      false       none        100         33          0          4    15527    15527          0          0          0
217      7.348865e+03   6.061816e+03   5.977448e+03    0.0139   2.179613e+03   1.470300e+01      false       none        100         33          0          4    15537    15537          0          0          0
218      6.967603e+03   6.061816e+03   5.977480e+03    0.0139   2.194097e+03   1.448400e+01      false       none        100         33          0          4    15546    15546          0          0          0
219      8.823221e+03   6.061816e+03   5.977480e+03    0.0139   2.209535e+03   1.543800e+01      false       none        100         33          0          4    15549    15549          0          0          0
220      9.311552e+03   6.061816e+03   5.977480e+03    0.0139   2.224566e+03   1.503100e+01      false       none        100         33          0          4    15566    15566          0          0          0
221      8.384958e+03   6.061816e+03   5.977480e+03    0.0139   2.239457e+03   1.489100e+01      false       none        100         33          0          4    15576    15576          0          0          0
222      9.177087e+03   6.061816e+03   5.977480e+03    0.0139   2.254175e+03   1.471800e+01      false       none        100         33          0          4    15584    15584          0          0          0
223      8.306220e+03   6.061816e+03   5.977480e+03    0.0139   2.268769e+03   1.459400e+01      false       none        100         33          0          4    15589    15589          0          0          0
224      9.251050e+03   6.061816e+03   5.977510e+03    0.0139   2.284254e+03   1.548500e+01      false       none        100         33          0          4    15598    15598          0          0          0
225      1.138201e+04   6.061816e+03   5.977510e+03    0.0139   2.298879e+03   1.462500e+01      false       none        100         33          0          4    15628    15628          0          0          0
226      9.161594e+03   6.061816e+03   5.977510e+03    0.0139   2.313519e+03   1.464000e+01      false       none        100         33          0          4    15631    15631          0          0          0
227      8.094610e+03   6.061816e+03   5.977510e+03    0.0139   2.328707e+03   1.518800e+01      false       none        100         33          0          4    15687    15687          0          0          0
228      1.163902e+04   6.061816e+03   5.977510e+03    0.0139   2.343066e+03   1.435900e+01      false       none        100         33          0          4    15713    15713          0          0          0
229      8.351241e+03   6.061816e+03   5.977565e+03    0.0139   2.358113e+03   1.504700e+01      false       none        100         33          0          4    15740    15740          0          0          0
230      8.367799e+03   6.061816e+03   5.977565e+03    0.0139   2.372785e+03   1.467200e+01      false       none        100         33          0          4    15750    15750          0          0          0
231      8.052429e+03   6.061816e+03   5.977595e+03    0.0139   2.388363e+03   1.557800e+01      false       none        100         33          0          4    15806    15806          0          0          0
232      7.146360e+03   6.061816e+03   5.977623e+03    0.0139   2.403769e+03   1.540600e+01      false       none        100         33          0          4    15838    15838          0          0          0
233      9.301662e+03   6.061816e+03   5.977709e+03    0.0139   2.418785e+03   1.501600e+01      false       none        100         33          0          4    15855    15855          0          0          0
234      9.512650e+03   6.061816e+03   5.977709e+03    0.0139   2.433723e+03   1.493800e+01      false       none        100         33          0          4    15866    15866          0          0          0
235      7.781187e+03   6.061816e+03   5.977709e+03    0.0139   2.448910e+03   1.518700e+01      false       none        100         33          0          4    15913    15913          0          0          0
236      7.142868e+03   6.061816e+03   5.977878e+03    0.0138   2.463973e+03   1.506300e+01      false       none        100         33          0          4    15957    15957          0          0          0
237      9.930962e+03   6.061816e+03   5.977878e+03    0.0138   2.478723e+03   1.475000e+01      false       none        100         33          0          4    15991    15991          0          0          0
238      8.456997e+03   6.061816e+03   5.979101e+03    0.0136   2.493363e+03   1.464000e+01      false       none        100         33          0          4    16101    16101          0          0          0
239      1.131721e+04   6.061816e+03   5.979101e+03    0.0136   2.508332e+03   1.496900e+01      false       none        100         33          0          4    16152    16152          0          0          0
240      7.397743e+03   6.061816e+03   5.979101e+03    0.0136   2.523473e+03   1.514100e+01      false       none        100         33          0          4    16158    16158          0          0          0
241      6.683690e+03   6.061816e+03   5.979101e+03    0.0136   2.539567e+03   1.609400e+01      false       none        100         33          0          4    16177    16177          0          0          0
242      9.012617e+03   6.061816e+03   5.979162e+03    0.0136   2.555317e+03   1.575000e+01      false       none        100         33          0          4    16212    16212          0          0          0
243      1.025743e+04   6.061816e+03   5.979920e+03    0.0135   2.570551e+03   1.523400e+01      false       none        100         33          0          4    16249    16249          0          0          0
244      9.142080e+03   6.061816e+03   5.979953e+03    0.0135   2.586239e+03   1.568800e+01      false       none        100         33          0          4    16275    16275          0          0          0
245      8.107701e+03   6.061816e+03   5.979953e+03    0.0135   2.601551e+03   1.531200e+01      false       none        100         33          0          4    16295    16295          0          0          0
246      9.106985e+03   6.061816e+03   5.979953e+03    0.0135   2.616614e+03   1.506300e+01      false       none        100         33          0          4    16307    16307          0          0          0
247      8.920222e+03   6.061816e+03   5.979953e+03    0.0135   2.631411e+03   1.479700e+01      false       none        100         33          0          4    16347    16347          0          0          0
248      9.095533e+03   6.061816e+03   5.979953e+03    0.0135   2.646567e+03   1.515600e+01      false       none        100         33          0          4    16353    16353          0          0          0
249      1.004081e+04   6.061816e+03   5.979953e+03    0.0135   2.661739e+03   1.517200e+01      false       none        100         33          0          4    16369    16369          0          0          0
250      8.522122e+03   6.061816e+03   5.979953e+03    0.0135   2.676739e+03   1.500000e+01      false       none        100         33          0          4    16386    16386          0          0          0
251      9.561861e+03   6.061816e+03   5.979953e+03    0.0135   2.692177e+03   1.543800e+01      false       none        100         33          0          4    16410    16410          0          0          0
252      7.239215e+03   6.061816e+03   5.979953e+03    0.0135   2.707864e+03   1.568700e+01      false       none        100         33          0          4    16458    16458          0          0          0
253      1.022188e+04   6.061816e+03   5.979953e+03    0.0135   2.722896e+03   1.503200e+01      false       none        100         33          0          4    16527    16527          0          0          0
254      7.601953e+03   6.061816e+03   5.980607e+03    0.0134   2.737927e+03   1.503100e+01      false       none        100         33          0          4    16607    16607          0          0          0
255      1.099051e+04   6.061816e+03   5.981243e+03    0.0133   2.753146e+03   1.521900e+01      false       none        100         33          0          4    16624    16624          0          0          0
256      7.975749e+03   6.061816e+03   5.981745e+03    0.0132   2.769364e+03   1.621800e+01      false       none        100         33          0          4    16672    16672          0          0          0
257      8.492877e+03   6.061816e+03   5.983061e+03    0.0130   2.784911e+03   1.554700e+01      false       none        100         33          0          4    16701    16701          0          0          0
258      9.694420e+03   6.061816e+03   5.985679e+03    0.0126   2.800193e+03   1.528200e+01      false       none        100         33          0          4    16737    16737          0          0          0
259      1.093108e+04   6.061816e+03   5.988014e+03    0.0122   2.815771e+03   1.557800e+01      false       none        100         33          0          4    16771    16771          0          0          0
260      8.590932e+03   6.061816e+03   5.988014e+03    0.0122   2.831521e+03   1.575000e+01      false       none        100         33          0          4    16793    16793          0          0          0
261      6.393497e+03   6.061816e+03   5.992436e+03    0.0114   2.848771e+03   1.725000e+01      false       none        100         33          0          4    16901    16901          0          0          0
262      6.908739e+03   6.061816e+03   5.992436e+03    0.0114   2.864896e+03   1.612500e+01      false       none        100         33          0          4    16954    16954          0          0          0
263      9.775970e+03   6.061816e+03   5.995411e+03    0.0110   2.880443e+03   1.554700e+01      false       none        100         33          0          4    17005    17005          0          0          0
264      6.581550e+03   6.061816e+03   5.995411e+03    0.0110   2.897193e+03   1.675000e+01      false       none        100         33          0          4    17072    17072          0          0          0
265      1.136630e+04   6.061816e+03   5.995411e+03    0.0110   2.913818e+03   1.662500e+01      false       none        100         33          0          4    17106    17106          0          0          0
266      1.071116e+04   6.061816e+03   5.995411e+03    0.0110   2.929349e+03   1.553100e+01      false       none        100         33          0          4    17108    17108          0          0          0
267      6.567585e+03   6.061816e+03   5.995411e+03    0.0110   2.947084e+03   1.773500e+01      false       none        100         33          0          4    17244    17244          0          0          0
268      8.429801e+03   6.061816e+03   5.995442e+03    0.0109   2.962771e+03   1.568700e+01      false       none        100         33          0          4    17272    17272          0          0          0
269      7.809216e+03   6.061816e+03   5.996029e+03    0.0109   2.978896e+03   1.612500e+01      false       none        100         33          0          4    17326    17326          0          0          0
270      9.143331e+03   6.061816e+03   5.996029e+03    0.0109   2.994943e+03   1.604700e+01      false       none        100         33          0          4    17344    17344          0          0          0
271      9.156886e+03   6.061816e+03   5.996029e+03    0.0109   3.012177e+03   1.723400e+01      false       none        100         33          0          4    17360    17360          0          0          0
272      7.087689e+03   6.061816e+03   5.996029e+03    0.0109   3.028615e+03   1.643800e+01      false       none        100         33          0          4    17386    17386          0          0          0
273      9.964386e+03   6.061816e+03   5.996171e+03    0.0108   3.044990e+03   1.637500e+01      false       none        100         33          0          4    17471    17471          0          0          0
274      9.384560e+03   6.061816e+03   5.998565e+03    0.0104   3.060928e+03   1.593800e+01      false       none        100         33          0          4    17519    17519          0          0          0
275      7.334383e+03   6.061816e+03   5.998565e+03    0.0104   3.077881e+03   1.695300e+01      false       none        100         33          0          4    17543    17543          0          0          0
276      6.254532e+03   6.061816e+03   5.998668e+03    0.0104   3.094553e+03   1.667200e+01      false       none        100         33          0          4    17587    17587          0          0          0
277      1.039404e+04   6.061816e+03   5.999418e+03    0.0103   3.110475e+03   1.592200e+01      false       none        100         33          0          4    17625    17625          0          0          0
278      8.533743e+03   6.061816e+03   5.999418e+03    0.0103   3.127396e+03   1.692100e+01      false       none        100         33          0          4    17640    17640          0          0          0
279      1.142162e+04   6.061816e+03   5.999418e+03    0.0103   3.143412e+03   1.601600e+01      false       none        100         33          0          4    17646    17646          0          0          0
280      7.267639e+03   6.061816e+03   5.999418e+03    0.0103   3.160600e+03   1.718800e+01      false       none        100         33          0          4    17695    17695          0          0          0
281      9.502412e+03   6.061816e+03   5.999418e+03    0.0103   3.176834e+03   1.623400e+01      false       none        100         33          0          4    17706    17706          0          0          0
282      8.630331e+03   6.061816e+03   6.000237e+03    0.0102   3.193584e+03   1.675000e+01      false       none        100         33          0          4    17800    17800          0          0          0
283      9.243126e+03   6.061816e+03   6.000237e+03    0.0102   3.210334e+03   1.675000e+01      false       none        100         33          0          4    17859    17859          0          0          0
284      9.419230e+03   6.061816e+03   6.000575e+03    0.0101   3.227115e+03   1.678100e+01      false       none        100         33          0          4    17896    17896          0          0          0
285      9.037485e+03   6.061816e+03   6.000575e+03    0.0101   3.243897e+03   1.678200e+01      false       none        100         33          0          4    17931    17931          0          0          0
286      8.648619e+03   6.061816e+03   6.001566e+03    0.0099   3.260240e+03   1.634300e+01      false       none        100         33          0          4    17969    17969          0          0          0
287      8.287974e+03   6.061816e+03   6.001566e+03    0.0099   3.276881e+03   1.664100e+01      false       none        100         33          0          4    17996    17996          0          0          0
288      9.021314e+03   6.061816e+03   6.001611e+03    0.0099   3.294131e+03   1.725000e+01      false       none        100         33          0          4    18034    18034          0          0          0
289      1.066907e+04   6.061816e+03   6.001611e+03    0.0099   3.311662e+03   1.753100e+01      false       none        100         33          0          4    18053    18053          0          0          0
290      8.952925e+03   6.061816e+03   6.002801e+03    0.0097   3.328287e+03   1.662500e+01      false       none        100         33          0          4    18090    18090          0          0          0
291      8.587000e+03   6.061816e+03   6.002801e+03    0.0097   3.344413e+03   1.612600e+01      false       none        100         33          0          4    18107    18107          0          0          0
292      1.113317e+04   6.061816e+03   6.002801e+03    0.0097   3.360632e+03   1.621900e+01      false       none        100         33          0          4    18119    18119          0          0          0
293      9.924964e+03   6.061816e+03   6.002801e+03    0.0097   3.377710e+03   1.707800e+01      false       none        100         33          0          4    18127    18127          0          0          0
294      9.215030e+03   6.061816e+03   6.002801e+03    0.0097   3.394835e+03   1.712500e+01      false       none        100         33          0          4    18166    18166          0          0          0
295      1.064814e+04   6.061816e+03   6.002801e+03    0.0097   3.411554e+03   1.671900e+01      false       none        100         33          0          4    18187    18187          0          0          0
296      1.066620e+04   6.061816e+03   6.002801e+03    0.0097   3.428523e+03   1.696900e+01      false       none        100         33          0          4    18197    18197          0          0          0
297      7.669073e+03   6.061816e+03   6.002801e+03    0.0097   3.445320e+03   1.679700e+01      false       none        100         33          0          4    18203    18203          0          0          0
298      9.670732e+03   6.061816e+03   6.002801e+03    0.0097   3.462726e+03   1.740600e+01      false       none        100         33          0          4    18244    18244          0          0          0
299      7.024306e+03   6.061816e+03   6.004612e+03    0.0094   3.479554e+03   1.682800e+01      false       none        100         33          0          4    18282    18282          0          0          0
300      6.951484e+03   6.061816e+03   6.004612e+03    0.0094   3.496726e+03   1.717200e+01      false       none        100         33          0          4    18303    18303          0          0          0
301      7.455281e+03   6.061816e+03   6.007158e+03    0.0090   3.513414e+03   1.668800e+01      false       none        100         33          0          4    18346    18346          0          0          0
302      8.607861e+03   6.061816e+03   6.007158e+03    0.0090   3.530554e+03   1.714000e+01      false       none        100         33          0          4    18395    18395          0          0          0
303      8.817113e+03   6.061816e+03   6.007158e+03    0.0090   3.547757e+03   1.720300e+01      false       none        100         33          0          4    18419    18419          0          0          0
304      7.372753e+03   6.061816e+03   6.007158e+03    0.0090   3.564929e+03   1.717200e+01      false       none        100         33          0          4    18445    18445          0          0          0
305      8.505284e+03   6.061816e+03   6.007158e+03    0.0090   3.582679e+03   1.775000e+01      false       none        100         33          0          4    18456    18456          0          0          0
306      7.269938e+03   6.061816e+03   6.007158e+03    0.0090   3.599757e+03   1.707800e+01      false       none        100         33          0          4    18485    18485          0          0          0
307      9.019653e+03   6.061816e+03   6.007158e+03    0.0090   3.617086e+03   1.732900e+01      false       none        100         33          0          4    18494    18494          0          0          0
308      9.210506e+03   6.061816e+03   6.007417e+03    0.0090   3.633789e+03   1.670300e+01      false       none        100         33          0          4    18525    18525          0          0          0
309      1.016715e+04   6.061816e+03   6.007417e+03    0.0090   3.650617e+03   1.682800e+01      false       none        100         33          0          4    18542    18542          0          0          0
310      1.026854e+04   6.061816e+03   6.007484e+03    0.0090   3.667758e+03   1.714100e+01      false       none        100         33          0          4    18569    18569          0          0          0
311      7.190390e+03   6.061816e+03   6.007484e+03    0.0090   3.684898e+03   1.714000e+01      false       none        100         33          0          4    18599    18599          0          0          0
312      8.293711e+03   6.061816e+03   6.007484e+03    0.0090   3.702008e+03   1.711000e+01      false       none        100         33          0          4    18626    18626          0          0          0
313      9.506129e+03   6.061816e+03   6.008858e+03    0.0087   3.719039e+03   1.703100e+01      false       none        100         33          0          4    18681    18681          0          0          0
314      9.287497e+03   6.061816e+03   6.008858e+03    0.0087   3.735773e+03   1.673400e+01      false       none        100         33          0          4    18693    18693          0          0          0
315      6.242949e+03   6.061816e+03   6.008858e+03    0.0087   3.753148e+03   1.737500e+01      false       none        100         33          0          4    18706    18706          0          0          0
316      1.035990e+04   6.061816e+03   6.009105e+03    0.0087   3.770320e+03   1.717200e+01      false       none        100         33          0          4    18724    18724          0          0          0
317      8.677030e+03   6.061816e+03   6.009105e+03    0.0087   3.787945e+03   1.762500e+01      false       none        100         33          0          4    18755    18755          0          0          0
318      1.061652e+04   6.061816e+03   6.009105e+03    0.0087   3.804445e+03   1.650000e+01      false       none        100         33          0          4    18761    18761          0          0          0
319      8.488042e+03   6.061816e+03   6.009105e+03    0.0087   3.821852e+03   1.740700e+01      false       none        100         33          0          4    18808    18808          0          0          0
320      7.702078e+03   6.061816e+03   6.009105e+03    0.0087   3.839133e+03   1.728100e+01      false       none        100         33          0          4    18833    18833          0          0          0
321      7.771497e+03   6.061816e+03   6.012791e+03    0.0081   3.856430e+03   1.729700e+01      false       none        100         33          0          4    18899    18899          0          0          0
322      7.161026e+03   6.061816e+03   6.013121e+03    0.0080   3.874336e+03   1.790600e+01      false       none        100         33          0          4    18948    18948          0          0          0
323      8.703279e+03   6.061816e+03   6.013121e+03    0.0080   3.891680e+03   1.734400e+01      false       none        100         33          0          4    18958    18958          0          0          0
324      7.847901e+03   6.061816e+03   6.014370e+03    0.0078   3.909414e+03   1.773400e+01      false       none        100         33          0          4    18998    18998          0          0          0
325      8.637826e+03   6.061816e+03   6.014370e+03    0.0078   3.926586e+03   1.717200e+01      false       none        100         33          0          4    19012    19012          0          0          0
326      9.471008e+03   6.061816e+03   6.014518e+03    0.0078   3.943867e+03   1.728100e+01      false       none        100         33          0          4    19037    19037          0          0          0
327      6.571236e+03   6.061816e+03   6.014518e+03    0.0078   3.962352e+03   1.848500e+01      false       none        100         33          0          4    19117    19117          0          0          0
328      6.580887e+03   6.061816e+03   6.014518e+03    0.0078   3.979789e+03   1.743700e+01      false       none        100         33          0          4    19135    19135          0          0          0
329      8.513994e+03   6.061816e+03   6.014518e+03    0.0078   3.997461e+03   1.767200e+01      false       none        100         33          0          4    19169    19169          0          0          0
330      9.423949e+03   6.061816e+03   6.014518e+03    0.0078   4.014743e+03   1.728200e+01      false       none        100         33          0          4    19188    19188          0          0          0
331      9.701601e+03   6.061816e+03   6.014839e+03    0.0077   4.032055e+03   1.731200e+01      false       none        100         33          0          4    19233    19233          0          0          0
332      9.323040e+03   6.061816e+03   6.014839e+03    0.0077   4.049071e+03   1.701600e+01      false       none        100         33          0          4    19253    19253          0          0          0
333      9.589756e+03   6.061816e+03   6.014839e+03    0.0077   4.066446e+03   1.737500e+01      false       none        100         33          0          4    19260    19260          0          0          0
334      8.334424e+03   6.061816e+03   6.014839e+03    0.0077   4.084336e+03   1.789000e+01      false       none        100         33          0          4    19295    19295          0          0          0
335      8.341246e+03   6.061816e+03   6.014839e+03    0.0077   4.101899e+03   1.756300e+01      false       none        100         33          0          4    19302    19302          0          0          0
336      8.159750e+03   6.061816e+03   6.014898e+03    0.0077   4.119493e+03   1.759400e+01      false       none        100         33          0          4    19327    19327          0          0          0
337      1.131718e+04   6.061816e+03   6.014898e+03    0.0077   4.137024e+03   1.753100e+01      false       none        100         33          0          4    19366    19366          0          0          0
338      8.933017e+03   6.061816e+03   6.014964e+03    0.0077   4.154180e+03   1.715600e+01      false       none        100         33          0          4    19389    19389          0          0          0
339      7.979606e+03   6.061816e+03   6.015084e+03    0.0077   4.171790e+03   1.761000e+01      false       none        100         33          0          4    19422    19422          0          0          0
340      7.207271e+03   6.061816e+03   6.015311e+03    0.0077   4.190696e+03   1.890600e+01      false       none        100         33          0          4    19501    19501          0          0          0
341      9.106734e+03   6.061816e+03   6.015406e+03    0.0077   4.208149e+03   1.745300e+01      false       none        100         33          0          4    19518    19518          0          0          0
342      8.272672e+03   6.061816e+03   6.015406e+03    0.0077   4.226696e+03   1.854700e+01      false       none        100         33          0          4    19537    19537          0          0          0
343      8.266360e+03   6.061816e+03   6.015471e+03    0.0076   4.244321e+03   1.762500e+01      false       none        100         33          0          4    19556    19556          0          0          0
344      7.777747e+03   6.061816e+03   6.015471e+03    0.0076   4.262181e+03   1.786000e+01      false       none        100         33          0          4    19579    19579          0          0          0
345      1.032830e+04   6.061816e+03   6.015471e+03    0.0076   4.279884e+03   1.770300e+01      false       none        100         33          0          4    19590    19590          0          0          0
346      8.713164e+03   6.061816e+03   6.015471e+03    0.0076   4.297821e+03   1.793700e+01      false       none        100         33          0          4    19626    19626          0          0          0
347      8.618906e+03   6.061816e+03   6.015471e+03    0.0076   4.316181e+03   1.836000e+01      false       none        100         33          0          4    19672    19672          0          0          0
348      9.280551e+03   6.061816e+03   6.015471e+03    0.0076   4.333884e+03   1.770300e+01      false       none        100         33          0          4    19682    19682          0          0          0
349      1.081112e+04   6.061816e+03   6.015471e+03    0.0076   4.351931e+03   1.804700e+01      false       none        100         33          0          4    19694    19694          0          0          0
350      8.429528e+03   6.061816e+03   6.015471e+03    0.0076   4.370415e+03   1.848400e+01      false       none        100         33          0          4    19724    19724          0          0          0
351      6.726275e+03   6.061816e+03   6.015507e+03    0.0076   4.388446e+03   1.803100e+01      false       none        100         33          0          4    19763    19763          0          0          0
352      9.155560e+03   6.061816e+03   6.015507e+03    0.0076   4.406212e+03   1.776600e+01      false       none        100         33          0          4    19783    19783          0          0          0
353      8.356459e+03   6.061816e+03   6.015538e+03    0.0076   4.423978e+03   1.776600e+01      false       none        100         33          0          4    19796    19796          0          0          0
354      1.038183e+04   6.061816e+03   6.015538e+03    0.0076   4.442681e+03   1.870300e+01      false       none        100         33          0          4    19818    19818          0          0          0
355      9.743015e+03   6.061816e+03   6.015538e+03    0.0076   4.460462e+03   1.778100e+01      false       none        100         33          0          4    19838    19838          0          0          0
356      7.252250e+03   6.061816e+03   6.015538e+03    0.0076   4.481400e+03   2.093800e+01      false       none        100         33          0          4    20006    20006          0          0          0
357      9.088152e+03   6.061816e+03   6.015538e+03    0.0076   4.500275e+03   1.887500e+01      false       none        100         33          0          4    20027    20027          0          0          0
358      8.232040e+03   6.061816e+03   6.015649e+03    0.0076   4.519009e+03   1.873400e+01      false       none        100         33          0          4    20073    20073          0          0          0
359      8.855207e+03   6.061816e+03   6.015769e+03    0.0076   4.537494e+03   1.848500e+01      false       none        100         33          0          4    20086    20086          0          0          0
360      6.756546e+03   6.061816e+03   6.015769e+03    0.0076   4.556056e+03   1.856200e+01      false       none        100         33          0          4    20092    20092          0          0          0
361      6.914085e+03   6.061816e+03   6.015769e+03    0.0076   4.574822e+03   1.876600e+01      false       none        100         33          0          4    20105    20105          0          0          0
362      7.325394e+03   6.061816e+03   6.015879e+03    0.0076   4.594462e+03   1.964000e+01      false       none        100         33          0          4    20166    20166          0          0          0
363      1.160119e+04   6.061816e+03   6.015879e+03    0.0076   4.612681e+03   1.821900e+01      false       none        100         33          0          4    20168    20168          0          0          0
364      8.098666e+03   6.061816e+03   6.015879e+03    0.0076   4.631244e+03   1.856300e+01      false       none        100         33          0          4    20181    20181          0          0          0
365      8.514271e+03   6.061816e+03   6.015879e+03    0.0076   4.649775e+03   1.853100e+01      false       none        100         33          0          4    20209    20209          0          0          0
366      8.950031e+03   6.061816e+03   6.015879e+03    0.0076   4.668650e+03   1.887500e+01      false       none        100         33          0          4    20223    20223          0          0          0
367      7.472678e+03   6.061816e+03   6.015879e+03    0.0076   4.687994e+03   1.934400e+01      false       none        100         33          0          4    20245    20245          0          0          0
368      7.417610e+03   6.061816e+03   6.015879e+03    0.0076   4.706978e+03   1.898400e+01      false       none        100         33          0          4    20261    20261          0          0          0
369      1.067136e+04   6.061816e+03   6.016004e+03    0.0076   4.725228e+03   1.825000e+01      false       none        100         33          0          4    20286    20286          0          0          0
370      8.612541e+03   6.061816e+03   6.016004e+03    0.0076   4.744072e+03   1.884400e+01      false       none        100         33          0          4    20313    20313          0          0          0
371      7.279068e+03   6.061816e+03   6.016004e+03    0.0076   4.763228e+03   1.915600e+01      false       none        100         33          0          4    20323    20323          0          0          0
372      8.692194e+03   6.061816e+03   6.016004e+03    0.0076   4.781760e+03   1.853200e+01      false       none        100         33          0          4    20338    20338          0          0          0
373      7.858982e+03   6.061816e+03   6.016094e+03    0.0075   4.800291e+03   1.853100e+01      false       none        100         33          0          4    20388    20388          0          0          0
374      8.333680e+03   6.061816e+03   6.016094e+03    0.0075   4.819025e+03   1.873400e+01      false       none        100         33          0          4    20421    20421          0          0          0
375      1.100668e+04   6.061816e+03   6.016137e+03    0.0075   4.837338e+03   1.831300e+01      false       none        100         33          0          4    20455    20455          0          0          0
376      8.916508e+03   6.061816e+03   6.017341e+03    0.0073   4.855947e+03   1.860900e+01      false       none        100         33          0          4    20521    20521          0          0          0
377      8.012059e+03   6.061816e+03   6.017341e+03    0.0073   4.874978e+03   1.903100e+01      false       none        100         33          0          4    20564    20564          0          0          0
378      8.583660e+03   6.061816e+03   6.017341e+03    0.0073   4.893635e+03   1.865700e+01      false       none        100         33          0          4    20583    20583          0          0          0
379      9.708040e+03   6.061816e+03   6.017852e+03    0.0073   4.912666e+03   1.903100e+01      false       none        100         33          0          4    20630    20630          0          0          0
380      7.589324e+03   6.061816e+03   6.017952e+03    0.0072   4.931572e+03   1.890600e+01      false       none        100         33          0          4    20646    20646          0          0          0
381      9.733085e+03   6.061816e+03   6.017993e+03    0.0072   4.950229e+03   1.865700e+01      false       none        100         33          0          4    20657    20657          0          0          0
382      7.873403e+03   6.061816e+03   6.018294e+03    0.0072   4.969025e+03   1.879600e+01      false       none        100         33          0          4    20686    20686          0          0          0
383      8.073136e+03   6.061816e+03   6.018350e+03    0.0072   4.987463e+03   1.843800e+01      false       none        100         33          0          4    20690    20690          0          0          0
384      1.035963e+04   6.061816e+03   6.018350e+03    0.0072   5.006697e+03   1.923400e+01      false       none        100         33          0          4    20726    20726          0          0          0
385      8.112852e+03   6.061816e+03   6.018350e+03    0.0072   5.025869e+03   1.917200e+01      false       none        100         33          0          4    20730    20730          0          0          0
386      8.938911e+03   6.061816e+03   6.018350e+03    0.0072   5.044682e+03   1.881300e+01      false       none        100         33          0          4    20745    20745          0          0          0
387      1.159524e+04   6.061816e+03   6.018350e+03    0.0072   5.063541e+03   1.885900e+01      false       none        100         33          0          4    20751    20751          0          0          0
388      7.005772e+03   6.061816e+03   6.018350e+03    0.0072   5.082698e+03   1.915700e+01      false       none        100         33          0          4    20757    20757          0          0          0
389      8.677890e+03   6.061816e+03   6.018350e+03    0.0072   5.101698e+03   1.900000e+01      false       none        100         33          0          4    20788    20788          0          0          0
390      8.076047e+03   6.061816e+03   6.018350e+03    0.0072   5.120088e+03   1.839000e+01      false       none        100         33          0          4    20818    20818          0          0          0
391      8.932496e+03   6.061816e+03   6.019283e+03    0.0070   5.139213e+03   1.912500e+01      false       none        100         33          0          4    20872    20872          0          0          0
392      8.627004e+03   6.061816e+03   6.019283e+03    0.0070   5.157776e+03   1.856300e+01      false       none        100         33          0          4    20884    20884          0          0          0
393      7.861363e+03   6.061816e+03   6.019283e+03    0.0070   5.176776e+03   1.900000e+01      false       none        100         33          0          4    20910    20910          0          0          0
394      8.882763e+03   6.061816e+03   6.019283e+03    0.0070   5.195713e+03   1.893700e+01      false       none        100         33          0          4    20943    20943          0          0          0
395      8.358807e+03   6.061816e+03   6.019437e+03    0.0070   5.215057e+03   1.934400e+01      false       none        100         33          0          4    20982    20982          0          0          0
396      8.898377e+03   6.061816e+03   6.019437e+03    0.0070   5.234573e+03   1.951600e+01      false       none        100         33          0          4    21007    21007          0          0          0
397      6.951497e+03   6.061816e+03   6.019437e+03    0.0070   5.253917e+03   1.934400e+01      false       none        100         33          0          4    21034    21034          0          0          0
398      1.045533e+04   6.061816e+03   6.019675e+03    0.0070   5.274135e+03   2.021800e+01      false       none        100         33          0          4    21052    21052          0          0          0
399      7.589313e+03   6.061816e+03   6.019769e+03    0.0069   5.293167e+03   1.903200e+01      false       none        100         33          0          4    21119    21119          0          0          0
400      7.529867e+03   6.061816e+03   6.020384e+03    0.0068   5.312354e+03   1.918700e+01      false       none        100         33          0          4    21158    21158          0          0          0
401      8.379349e+03   6.061816e+03   6.020384e+03    0.0068   5.332635e+03   2.028100e+01      false       none        100         33          0          4    21220    21220          0          0          0
402      9.496627e+03   6.061816e+03   6.020384e+03    0.0068   5.351417e+03   1.878200e+01      false       none        100         33          0          4    21231    21231          0          0          0
403      8.821455e+03   6.061816e+03   6.020481e+03    0.0068   5.371245e+03   1.982800e+01      false       none        100         33          0          4    21270    21270          0          0          0
404      7.243490e+03   6.061816e+03   6.021061e+03    0.0067   5.390729e+03   1.948400e+01      false       none        100         33          0          4    21332    21332          0          0          0
405      9.703588e+03   6.061816e+03   6.021061e+03    0.0067   5.409417e+03   1.868800e+01      false       none        100         33          0          4    21344    21344          0          0          0
406      1.063241e+04   6.061816e+03   6.021243e+03    0.0067   5.428917e+03   1.950000e+01      false       none        100         33          0          4    21361    21361          0          0          0
407      7.980350e+03   6.061816e+03   6.021243e+03    0.0067   5.448339e+03   1.942200e+01      false       none        100         33          0          4    21362    21362          0          0          0
408      6.048520e+03   6.048520e+03   6.021243e+03    0.0045   5.468776e+03   2.043700e+01      false       none        100         33          0          4    21424    21424          0          0          0
409      8.811827e+03   6.048520e+03   6.021243e+03    0.0045   5.488011e+03   1.923500e+01      false       none        100         33          0          4    21443    21443          0          0          0
410      7.967617e+03   6.048520e+03   6.021243e+03    0.0045   5.507964e+03   1.995300e+01      false       none        100         33          0          4    21474    21474          0          0          0
411      8.009733e+03   6.048520e+03   6.021243e+03    0.0045   5.527730e+03   1.976600e+01      false       none        100         33          0          4    21478    21478          0          0          0
412      7.690261e+03   6.048520e+03   6.021243e+03    0.0045   5.547152e+03   1.942200e+01      false       none        100         33          0          4    21509    21509          0          0          0
413      8.945339e+03   6.048520e+03   6.021243e+03    0.0045   5.567183e+03   2.003100e+01      false       none        100         33          0          4    21530    21530          0          0          0
414      9.867202e+03   6.048520e+03   6.021243e+03    0.0045   5.586730e+03   1.954700e+01      false       none        100         33          0          4    21543    21543          0          0          0
415      1.045774e+04   6.048520e+03   6.021364e+03    0.0045   5.605948e+03   1.921800e+01      false       none        100         33          0          4    21574    21574          0          0          0
416      8.609064e+03   6.048520e+03   6.021396e+03    0.0045   5.625308e+03   1.936000e+01      false       none        100         33          0          4    21615    21615          0          0          0
417      1.025250e+04   6.048520e+03   6.021511e+03    0.0045   5.644636e+03   1.932800e+01      false       none        100         33          0          4    21646    21646          0          0          0
418      7.993440e+03   6.048520e+03   6.021511e+03    0.0045   5.664370e+03   1.973400e+01      false       none        100         33          0          4    21667    21667          0          0          0
419      7.876908e+03   6.048520e+03   6.021552e+03    0.0045   5.683714e+03   1.934400e+01      false       none        100         33          0          4    21699    21699          0          0          0
420      7.982359e+03   6.048520e+03   6.021727e+03    0.0044   5.703917e+03   2.020300e+01      false       none        100         33          0          4    21735    21735          0          0          0
421      9.689437e+03   6.048520e+03   6.021727e+03    0.0044   5.723574e+03   1.965700e+01      false       none        100         33          0          4    21738    21738          0          0          0
422      6.912782e+03   6.048520e+03   6.021727e+03    0.0044   5.743886e+03   2.031200e+01      false       none        100         33          0          4    21747    21747          0          0          0
423      7.228375e+03   6.048520e+03   6.021727e+03    0.0044   5.764308e+03   2.042200e+01      false       none        100         33          0          4    21753    21753          0          0          0
424      9.378562e+03   6.048520e+03   6.021727e+03    0.0044   5.784652e+03   2.034400e+01      false       none        100         33          0          4    21772    21772          0          0          0
425      7.350059e+03   6.048520e+03   6.021727e+03    0.0044   5.804527e+03   1.987500e+01      false       none        100         33          0          4    21789    21789          0          0          0
426      9.801017e+03   6.048520e+03   6.021819e+03    0.0044   5.823933e+03   1.940600e+01      false       none        100         33          0          4    21801    21801          0          0          0
427      8.431321e+03   6.048520e+03   6.021819e+03    0.0044   5.844136e+03   2.020300e+01      false       none        100         33          0          4    21832    21832          0          0          0
428      8.419073e+03   6.048520e+03   6.021819e+03    0.0044   5.863918e+03   1.978200e+01      false       none        100         33          0          4    21880    21880          0          0          0
429      9.216650e+03   6.048520e+03   6.021939e+03    0.0044   5.883793e+03   1.987500e+01      false       none        100         33          0          4    21898    21898          0          0          0
430      6.607129e+03   6.048520e+03   6.021939e+03    0.0044   5.903918e+03   2.012500e+01      false       none        100         33          0          4    21913    21913          0          0          0
431      1.016084e+04   6.048520e+03   6.021939e+03    0.0044   5.923918e+03   2.000000e+01      false       none        100         33          0          4    21923    21923          0          0          0
432      8.880320e+03   6.048520e+03   6.021939e+03    0.0044   5.943543e+03   1.962500e+01      false       none        100         33          0          4    21935    21935          0          0          0
433      7.892044e+03   6.048520e+03   6.022001e+03    0.0044   5.963387e+03   1.984400e+01      false       none        100         33          0          4    21962    21962          0          0          0
434      7.141395e+03   6.048520e+03   6.022165e+03    0.0044   5.984418e+03   2.103100e+01      false       none        100         33          0          4    21994    21994          0          0          0
435      8.488101e+03   6.048520e+03   6.022197e+03    0.0044   6.004230e+03   1.981200e+01      false       none        100         33          0          4    22005    22005          0          0          0
436      8.677837e+03   6.048520e+03   6.022197e+03    0.0044   6.024137e+03   1.990700e+01      false       none        100         33          0          4    22014    22014          0          0          0
437      7.094315e+03   6.048520e+03   6.022300e+03    0.0043   6.044090e+03   1.995300e+01      false       none        100         33          0          4    22032    22032          0          0          0
438      8.237908e+03   6.048520e+03   6.022300e+03    0.0043   6.064309e+03   2.021900e+01      false       none        100         33          0          4    22048    22048          0          0          0
439      1.066372e+04   6.048520e+03   6.022300e+03    0.0043   6.084481e+03   2.017200e+01      false       none        100         33          0          4    22087    22087          0          0          0
440      9.685895e+03   6.048520e+03   6.022393e+03    0.0043   6.104137e+03   1.965600e+01      false       none        100         33          0          4    22132    22132          0          0          0
441      9.450746e+03   6.048520e+03   6.022423e+03    0.0043   6.124418e+03   2.028100e+01      false       none        100         33          0          4    22153    22153          0          0          0
442      8.321102e+03   6.048520e+03   6.022540e+03    0.0043   6.144481e+03   2.006300e+01      false       none        100         33          0          4    22183    22183          0          0          0
443      7.449612e+03   6.048520e+03   6.022570e+03    0.0043   6.165637e+03   2.115600e+01      false       none        100         33          0          4    22249    22249          0          0          0
444      8.451353e+03   6.048520e+03   6.022599e+03    0.0043   6.185809e+03   2.017200e+01      false       none        100         33          0          4    22271    22271          0          0          0
445      1.062681e+04   6.048520e+03   6.022599e+03    0.0043   6.205809e+03   2.000000e+01      false       none        100         33          0          4    22287    22287          0          0          0
446      9.108327e+03   6.048520e+03   6.022599e+03    0.0043   6.226246e+03   2.043700e+01      false       none        100         33          0          4    22305    22305          0          0          0
447      8.426038e+03   6.048520e+03   6.022599e+03    0.0043   6.245996e+03   1.975000e+01      false       none        100         33          0          4    22312    22312          0          0          0
448      8.955792e+03   6.048520e+03   6.022659e+03    0.0043   6.265637e+03   1.964100e+01      false       none        100         33          0          4    22319    22319          0          0          0
449      7.404281e+03   6.048520e+03   6.022659e+03    0.0043   6.286106e+03   2.046900e+01      false       none        100         33          0          4    22349    22349          0          0          0
450      9.730631e+03   6.048520e+03   6.022805e+03    0.0043   6.306715e+03   2.060900e+01      false       none        100         33          0          4    22366    22366          0          0          0
451      7.867798e+03   6.048520e+03   6.022902e+03    0.0042   6.327122e+03   2.040700e+01      false       none        100         33          0          4    22405    22405          0          0          0
452      7.268235e+03   6.048520e+03   6.022902e+03    0.0042   6.347153e+03   2.003100e+01      false       none        100         33          0          4    22410    22410          0          0          0
453      9.714519e+03   6.048520e+03   6.022902e+03    0.0042   6.367247e+03   2.009400e+01      false       none        100         33          0          4    22413    22413          0          0          0
454      7.415707e+03   6.048520e+03   6.022902e+03    0.0042   6.387387e+03   2.014000e+01      false       none        100         33          0          4    22422    22422          0          0          0
455      7.035798e+03   6.048520e+03   6.022902e+03    0.0042   6.408622e+03   2.123500e+01      false       none        100         33          0          4    22486    22486          0          0          0
456      8.844072e+03   6.048520e+03   6.022902e+03    0.0042   6.428778e+03   2.015600e+01      false       none        100         33          0          4    22542    22542          0          0          0
457      9.321104e+03   6.048520e+03   6.022902e+03    0.0042   6.449278e+03   2.050000e+01      false       none        100         33          0          4    22560    22560          0          0          0
458      8.167046e+03   6.048520e+03   6.022902e+03    0.0042   6.470075e+03   2.079700e+01      false       none        100         33          0          4    22585    22585          0          0          0
459      7.852424e+03   6.048520e+03   6.022941e+03    0.0042   6.490231e+03   2.015600e+01      false       none        100         33          0          4    22599    22599          0          0          0
460      7.795161e+03   6.048520e+03   6.022941e+03    0.0042   6.510559e+03   2.032800e+01      false       none        100         33          0          4    22613    22613          0          0          0
461      7.353668e+03   6.048520e+03   6.023347e+03    0.0042   6.531309e+03   2.075000e+01      false       none        100         33          0          4    22653    22653          0          0          0
462      1.018606e+04   6.048520e+03   6.023416e+03    0.0042   6.552309e+03   2.100000e+01      false       none        100         33          0          4    22677    22677          0          0          0
463      7.618788e+03   6.048520e+03   6.023483e+03    0.0041   6.572700e+03   2.039100e+01      false       none        100         33          0          4    22687    22687          0          0          0
464      8.871972e+03   6.048520e+03   6.024370e+03    0.0040   6.593106e+03   2.040600e+01      false       none        100         33          0          4    22725    22725          0          0          0
465      6.630275e+03   6.048520e+03   6.024370e+03    0.0040   6.613606e+03   2.050000e+01      false       none        100         33          0          4    22735    22735          0          0          0
466      8.026984e+03   6.048520e+03   6.024370e+03    0.0040   6.634966e+03   2.136000e+01      false       none        100         33          0          4    22763    22763          0          0          0
467      7.607742e+03   6.048520e+03   6.024370e+03    0.0040   6.655872e+03   2.090600e+01      false       none        100         33          0          4    22777    22777          0          0          0
468      8.878870e+03   6.048520e+03   6.024370e+03    0.0040   6.677076e+03   2.120400e+01      false       none        100         33          0          4    22783    22783          0          0          0
469      7.274851e+03   6.048520e+03   6.024655e+03    0.0039   6.697732e+03   2.065600e+01      false       none        100         33          0          4    22817    22817          0          0          0
470      8.212792e+03   6.048520e+03   6.024655e+03    0.0039   6.718170e+03   2.043800e+01      false       none        100         33          0          4    22836    22836          0          0          0
471      1.082783e+04   6.048520e+03   6.024721e+03    0.0039   6.739607e+03   2.143700e+01      false       none        100         33          0          4    22851    22851          0          0          0
472      8.247517e+03   6.048520e+03   6.024721e+03    0.0039   6.760310e+03   2.070300e+01      false       none        100         33          0          4    22858    22858          0          0          0
473      8.918669e+03   6.048520e+03   6.024721e+03    0.0039   6.780748e+03   2.043800e+01      false       none        100         33          0          4    22860    22860          0          0          0
474      6.875155e+03   6.048520e+03   6.024721e+03    0.0039   6.801232e+03   2.048400e+01      false       none        100         33          0          4    22870    22870          0          0          0
475      8.153319e+03   6.048520e+03   6.024721e+03    0.0039   6.822701e+03   2.146900e+01      false       none        100         33          0          4    22916    22916          0          0          0
476      9.591809e+03   6.048520e+03   6.024721e+03    0.0039   6.843326e+03   2.062500e+01      false       none        100         33          0          4    22926    22926          0          0          0
477      8.777107e+03   6.048520e+03   6.024721e+03    0.0039   6.864170e+03   2.084400e+01      false       none        100         33          0          4    22934    22934          0          0          0
478      8.133581e+03   6.048520e+03   6.024721e+03    0.0039   6.884732e+03   2.056200e+01      false       none        100         33          0          4    22936    22936          0          0          0
479      9.121914e+03   6.048520e+03   6.024721e+03    0.0039   6.905920e+03   2.118800e+01      false       none        100         33          0          4    22966    22966          0          0          0
480      8.138245e+03   6.048520e+03   6.024721e+03    0.0039   6.927139e+03   2.121900e+01      false       none        100         33          0          4    22969    22969          0          0          0
481      9.075579e+03   6.048520e+03   6.024721e+03    0.0039   6.947748e+03   2.060900e+01      false       none        100         33          0          4    22988    22988          0          0          0
482      8.764496e+03   6.048520e+03   6.024721e+03    0.0039   6.968404e+03   2.065600e+01      false       none        100         33          0          4    22992    22992          0          0          0
483      1.153122e+04   6.048520e+03   6.024721e+03    0.0039   6.989186e+03   2.078200e+01      false       none        100         33          0          4    23009    23009          0          0          0
484      7.048549e+03   6.048520e+03   6.024721e+03    0.0039   7.009826e+03   2.064000e+01      false       none        100         33          0          4    23022    23022          0          0          0
485      7.315994e+03   6.048520e+03   6.024919e+03    0.0039   7.031873e+03   2.204700e+01      false       none        100         33          0          4    23079    23079          0          0          0
486      8.482472e+03   6.048520e+03   6.026586e+03    0.0036   7.053483e+03   2.161000e+01      false       none        100         33          0          4    23138    23138          0          0          0
487      7.653721e+03   6.048520e+03   6.027048e+03    0.0036   7.074279e+03   2.079600e+01      false       none        100         33          0          4    23176    23176          0          0          0
488      7.552658e+03   6.048520e+03   6.027048e+03    0.0036   7.095545e+03   2.126600e+01      false       none        100         33          0          4    23200    23200          0          0          0
489      9.781847e+03   6.048520e+03   6.027196e+03    0.0035   7.116280e+03   2.073500e+01      false       none        100         33          0          4    23263    23263          0          0          0
490      1.000464e+04   6.048520e+03   6.027356e+03    0.0035   7.138186e+03   2.190600e+01      false       none        100         33          0          4    23306    23306          0          0          0
491      1.027928e+04   6.048520e+03   6.027356e+03    0.0035   7.159248e+03   2.106200e+01      false       none        100         33          0          4    23327    23327          0          0          0
492      8.964641e+03   6.048520e+03   6.027356e+03    0.0035   7.180811e+03   2.156300e+01      false       none        100         33          0          4    23351    23351          0          0          0
493      1.041617e+04   6.048520e+03   6.027356e+03    0.0035   7.201702e+03   2.089100e+01      false       none        100         33          0          4    23367    23367          0          0          0
494      7.050516e+03   6.048520e+03   6.027356e+03    0.0035   7.223436e+03   2.173400e+01      false       none        100         33          0          4    23380    23380          0          0          0
495      9.619987e+03   6.048520e+03   6.027356e+03    0.0035   7.244249e+03   2.081300e+01      false       none        100         33          0          4    23401    23401          0          0          0
496      6.965210e+03   6.048520e+03   6.027356e+03    0.0035   7.266077e+03   2.182800e+01      false       none        100         33          0          4    23439    23439          0          0          0
497      6.979029e+03   6.048520e+03   6.027356e+03    0.0035   7.287233e+03   2.115600e+01      false       none        100         33          0          4    23452    23452          0          0          0
498      9.076000e+03   6.048520e+03   6.027356e+03    0.0035   7.308077e+03   2.084400e+01      false       none        100         33          0          4    23467    23467          0          0          0
499      8.862747e+03   6.048520e+03   6.027356e+03    0.0035   7.329530e+03   2.145300e+01      false       none        100         33          0          4    23476    23476          0          0          0
500      8.807263e+03   6.048520e+03   6.027356e+03    0.0035   7.350514e+03   2.098400e+01      false       none        100         33          0          4    23504    23504          0          0          0
501      7.829598e+03   6.048520e+03   6.027356e+03    0.0035   7.373608e+03   2.309400e+01      false       none        100         33          0          4    23571    23571          0          0          0
502      7.613167e+03   6.048520e+03   6.028509e+03    0.0033   7.395530e+03   2.192200e+01      false       none        100         33          0          4    23653    23653          0          0          0
503      8.020946e+03   6.048520e+03   6.028509e+03    0.0033   7.417374e+03   2.184400e+01      false       none        100         33          0          4    23676    23676          0          0          0
504      6.104349e+03   6.048520e+03   6.028539e+03    0.0033   7.439593e+03   2.221900e+01      false       none        100         33          0          4    23707    23707          0          0          0
505      8.858118e+03   6.048520e+03   6.028539e+03    0.0033   7.461296e+03   2.170300e+01      false       none        100         33          0          4    23734    23734          0          0          0
506      8.910575e+03   6.048520e+03   6.028539e+03    0.0033   7.483140e+03   2.184400e+01      false       none        100         33          0          4    23766    23766          0          0          0
507      9.255810e+03   6.048520e+03   6.028539e+03    0.0033   7.504671e+03   2.153100e+01      false       none        100         33          0          4    23790    23790          0          0          0
508      9.398488e+03   6.048520e+03   6.028539e+03    0.0033   7.526171e+03   2.150000e+01      false       none        100         33          0          4    23801    23801          0          0          0
509      6.683461e+03   6.048520e+03   6.028539e+03    0.0033   7.548030e+03   2.185900e+01      false       none        100         33          0          4    23826    23826          0          0          0
510      1.020946e+04   6.048520e+03   6.028539e+03    0.0033   7.569812e+03   2.178200e+01      false       none        100         33          0          4    23834    23834          0          0          0
511      9.062648e+03   6.048520e+03   6.028539e+03    0.0033   7.590843e+03   2.103100e+01      false       none        100         33          0          4    23836    23836          0          0          0
512      7.162186e+03   6.048520e+03   6.028539e+03    0.0033   7.612093e+03   2.125000e+01      false       none        100         33          0          4    23841    23841          0          0          0
513      7.034444e+03   6.048520e+03   6.028539e+03    0.0033   7.633343e+03   2.125000e+01      false       none        100         33          0          4    23852    23852          0          0          0
514      8.639261e+03   6.048520e+03   6.028605e+03    0.0033   7.654859e+03   2.151600e+01      false       none        100         33          0          4    23859    23859          0          0          0
515      7.968991e+03   6.048520e+03   6.028605e+03    0.0033   7.676343e+03   2.148400e+01      false       none        100         33          0          4    23867    23867          0          0          0
516      9.067548e+03   6.048520e+03   6.028605e+03    0.0033   7.698156e+03   2.181300e+01      false       none        100         33          0          4    23877    23877          0          0          0
517      9.484080e+03   6.048520e+03   6.028605e+03    0.0033   7.719703e+03   2.154700e+01      false       none        100         33          0          4    23882    23882          0          0          0
518      7.306080e+03   6.048520e+03   6.028605e+03    0.0033   7.741421e+03   2.171800e+01      false       none        100         33          0          4    23888    23888          0          0          0
519      8.244424e+03   6.048520e+03   6.028605e+03    0.0033   7.763156e+03   2.173500e+01      false       none        100         33          0          4    23907    23907          0          0          0
520      9.108224e+03   6.048520e+03   6.028605e+03    0.0033   7.784593e+03   2.143700e+01      false       none        100         33          0          4    23921    23921          0          0          0
521      8.479762e+03   6.048520e+03   6.028605e+03    0.0033   7.805859e+03   2.126600e+01      false       none        100         33          0          4    23930    23930          0          0          0
522      8.532371e+03   6.048520e+03   6.028605e+03    0.0033   7.827109e+03   2.125000e+01      false       none        100         33          0          4    23938    23938          0          0          0
523      6.398728e+03   6.048520e+03   6.028605e+03    0.0033   7.848375e+03   2.126600e+01      false       none        100         33          0          4    23961    23961          0          0          0
524      7.718024e+03   6.048520e+03   6.028605e+03    0.0033   7.870109e+03   2.173400e+01      false       none        100         33          0          4    23976    23976          0          0          0
525      9.639501e+03   6.048520e+03   6.028605e+03    0.0033   7.891797e+03   2.168800e+01      false       none        100         33          0          4    23996    23996          0          0          0
526      8.354481e+03   6.048520e+03   6.028605e+03    0.0033   7.914016e+03   2.221900e+01      false       none        100         33          0          4    24029    24029          0          0          0
527      6.553784e+03   6.048520e+03   6.028605e+03    0.0033   7.938187e+03   2.417100e+01      false       none        100         33          0          4    24166    24166          0          0          0
528      6.449192e+03   6.048520e+03   6.028605e+03    0.0033   7.960937e+03   2.275000e+01      false       none        100         33          0          4    24213    24213          0          0          0
529      7.759538e+03   6.048520e+03   6.028605e+03    0.0033   7.982703e+03   2.176600e+01      false       none        100         33          0          4    24217    24217          0          0          0
530      7.181617e+03   6.048520e+03   6.028633e+03    0.0033   8.004891e+03   2.218800e+01      false       none        100         33          0          4    24274    24274          0          0          0
531      9.696031e+03   6.048520e+03   6.028633e+03    0.0033   8.026766e+03   2.187500e+01      false       none        100         33          0          4    24285    24285          0          0          0
532      7.191183e+03   6.048520e+03   6.028667e+03    0.0033   8.048516e+03   2.175000e+01      false       none        100         33          0          4    24295    24295          0          0          0
533      7.308335e+03   6.048520e+03   6.028667e+03    0.0033   8.070578e+03   2.206200e+01      false       none        100         33          0          4    24309    24309          0          0          0
534      8.348173e+03   6.048520e+03   6.028667e+03    0.0033   8.092250e+03   2.167200e+01      false       none        100         33          0          4    24315    24315          0          0          0
535      8.759203e+03   6.048520e+03   6.028734e+03    0.0033   8.113906e+03   2.165600e+01      false       none        100         33          0          4    24322    24322          0          0          0
536      8.661552e+03   6.048520e+03   6.028734e+03    0.0033   8.135438e+03   2.153200e+01      false       none        100         33          0          4    24337    24337          0          0          0
537      7.856591e+03   6.048520e+03   6.028734e+03    0.0033   8.158391e+03   2.295300e+01      false       none        100         33          0          4    24348    24348          0          0          0
538      8.719796e+03   6.048520e+03   6.028734e+03    0.0033   8.180344e+03   2.195300e+01      false       none        100         33          0          4    24361    24361          0          0          0
539      9.321286e+03   6.048520e+03   6.028992e+03    0.0032   8.202782e+03   2.243800e+01      false       none        100         33          0          4    24390    24390          0          0          0
540      9.844272e+03   6.048520e+03   6.028992e+03    0.0032   8.224625e+03   2.184300e+01      false       none        100         33          0          4    24423    24423          0          0          0
541      8.085417e+03   6.048520e+03   6.028992e+03    0.0032   8.247610e+03   2.298500e+01      false       none        100         33          0          4    24479    24479          0          0          0
542      7.946648e+03   6.048520e+03   6.029109e+03    0.0032   8.269844e+03   2.223400e+01      false       none        100         33          0          4    24526    24526          0          0          0
543      9.196659e+03   6.048520e+03   6.029109e+03    0.0032   8.291985e+03   2.214100e+01      false       none        100         33          0          4    24542    24542          0          0          0
544      8.875509e+03   6.048520e+03   6.029109e+03    0.0032   8.313844e+03   2.185900e+01      false       none        100         33          0          4    24566    24566          0          0          0
545      9.414648e+03   6.048520e+03   6.029109e+03    0.0032   8.336157e+03   2.231300e+01      false       none        100         33          0          4    24597    24597          0          0          0
546      8.089944e+03   6.048520e+03   6.029211e+03    0.0032   8.358298e+03   2.214100e+01      false       none        100         33          0          4    24630    24630          0          0          0
547      7.031423e+03   6.048520e+03   6.029211e+03    0.0032   8.380438e+03   2.214000e+01      false       none        100         33          0          4    24642    24642          0          0          0
548      1.053739e+04   6.048520e+03   6.029211e+03    0.0032   8.402407e+03   2.196900e+01      false       none        100         33          0          4    24668    24668          0          0          0
549      7.919053e+03   6.048520e+03   6.029211e+03    0.0032   8.424532e+03   2.212500e+01      false       none        100         33          0          4    24685    24685          0          0          0
550      7.153988e+03   6.048520e+03   6.029211e+03    0.0032   8.446501e+03   2.196900e+01      false       none        100         33          0          4    24696    24696          0          0          0
551      7.663026e+03   6.048520e+03   6.029211e+03    0.0032   8.468501e+03   2.200000e+01      false       none        100         33          0          4    24718    24718          0          0          0
552      8.465989e+03   6.048520e+03   6.029211e+03    0.0032   8.490548e+03   2.204700e+01      false       none        100         33          0          4    24727    24727          0          0          0
553      8.624079e+03   6.048520e+03   6.029541e+03    0.0031   8.513220e+03   2.267200e+01      false       none        100         33          0          4    24777    24777          0          0          0
554      7.119791e+03   6.048520e+03   6.029664e+03    0.0031   8.535720e+03   2.250000e+01      false       none        100         33          0          4    24801    24801          0          0          0
555      7.532195e+03   6.048520e+03   6.029664e+03    0.0031   8.558329e+03   2.260900e+01      false       none        100         33          0          4    24824    24824          0          0          0
556      7.889008e+03   6.048520e+03   6.029664e+03    0.0031   8.581282e+03   2.295300e+01      false       none        100         33          0          4    24833    24833          0          0          0
557      1.170695e+04   6.048520e+03   6.029664e+03    0.0031   8.603657e+03   2.237500e+01      false       none        100         33          0          4    24843    24843          0          0          0
558      8.000344e+03   6.048520e+03   6.029664e+03    0.0031   8.625486e+03   2.182900e+01      false       none        100         33          0          4    24847    24847          0          0          0
559      8.200615e+03   6.048520e+03   6.029664e+03    0.0031   8.648048e+03   2.256200e+01      false       none        100         33          0          4    24866    24866          0          0          0
560      9.698611e+03   6.048520e+03   6.029706e+03    0.0031   8.670173e+03   2.212500e+01      false       none        100         33          0          4    24891    24891          0          0          0
561      7.833416e+03   6.048520e+03   6.029706e+03    0.0031   8.693564e+03   2.339100e+01      false       none        100         33          0          4    24898    24898          0          0          0
562      8.349988e+03   6.048520e+03   6.029804e+03    0.0031   8.716158e+03   2.259400e+01      false       none        100         33          0          4    24942    24942          0          0          0
563      9.191778e+03   6.048520e+03   6.029919e+03    0.0031   8.738376e+03   2.221800e+01      false       none        100         33          0          4    24960    24960          0          0          0
564      7.562175e+03   6.048520e+03   6.030173e+03    0.0030   8.761954e+03   2.357800e+01      false       none        100         33          0          4    25024    25024          0          0          0
565      8.525928e+03   6.048520e+03   6.030207e+03    0.0030   8.784439e+03   2.248500e+01      false       none        100         33          0          4    25030    25030          0          0          0
566      9.841642e+03   6.048520e+03   6.030207e+03    0.0030   8.806486e+03   2.204700e+01      false       none        100         33          0          4    25037    25037          0          0          0
567      7.564052e+03   6.048520e+03   6.030207e+03    0.0030   8.829423e+03   2.293700e+01      false       none        100         33          0          4    25058    25058          0          0          0
568      9.668737e+03   6.048520e+03   6.030207e+03    0.0030   8.851580e+03   2.215700e+01      false       none        100         33          0          4    25064    25064          0          0          0
569      8.630102e+03   6.048520e+03   6.030207e+03    0.0030   8.874861e+03   2.328100e+01      false       none        100         33          0          4    25096    25096          0          0          0
570      7.382323e+03   6.048520e+03   6.030207e+03    0.0030   8.896892e+03   2.203100e+01      false       none        100         33          0          4    25100    25100          0          0          0
571      8.045791e+03   6.048520e+03   6.030207e+03    0.0030   8.919580e+03   2.268800e+01      false       none        100         33          0          4    25106    25106          0          0          0
572      9.336137e+03   6.048520e+03   6.030207e+03    0.0030   8.941939e+03   2.235900e+01      false       none        100         33          0          4    25112    25112          0          0          0
573      8.734407e+03   6.048520e+03   6.030207e+03    0.0030   8.964236e+03   2.229700e+01      false       none        100         33          0          4    25114    25114          0          0          0
574      8.986450e+03   6.048520e+03   6.030207e+03    0.0030   8.986158e+03   2.192200e+01      false       none        100         33          0          4    25115    25115          0          0          0
575      9.903774e+03   6.048520e+03   6.030207e+03    0.0030   9.008642e+03   2.248400e+01      false       none        100         33          0          4    25120    25120          0          0          0
576      8.821644e+03   6.048520e+03   6.030207e+03    0.0030   9.031486e+03   2.284400e+01      false       none        100         33          0          4    25121    25121          0          0          0
577      8.265471e+03   6.048520e+03   6.030207e+03    0.0030   9.053627e+03   2.214100e+01      false       none        100         33          0          4    25123    25123          0          0          0
578      7.727834e+03   6.048520e+03   6.030207e+03    0.0030   9.076283e+03   2.265600e+01      false       none        100         33          0          4    25127    25127          0          0          0
579      7.898508e+03   6.048520e+03   6.030207e+03    0.0030   9.099002e+03   2.271900e+01      false       none        100         33          0          4    25132    25132          0          0          0
580      9.943303e+03   6.048520e+03   6.030207e+03    0.0030   9.121877e+03   2.287500e+01      false       none        100         33          0          4    25145    25145          0          0          0
581      8.110655e+03   6.048520e+03   6.030207e+03    0.0030   9.144393e+03   2.251600e+01      false       none        100         33          0          4    25147    25147          0          0          0
582      7.290406e+03   6.048520e+03   6.030207e+03    0.0030   9.167127e+03   2.273400e+01      false       none        100         33          0          4    25157    25157          0          0          0
583      8.226911e+03   6.048520e+03   6.030207e+03    0.0030   9.189971e+03   2.284400e+01      false       none        100         33          0          4    25176    25176          0          0          0
584      8.277598e+03   6.048520e+03   6.030207e+03    0.0030   9.212658e+03   2.268700e+01      false       none        100         33          0          4    25179    25179          0          0          0
585      9.399978e+03   6.048520e+03   6.030207e+03    0.0030   9.235268e+03   2.261000e+01      false       none        100         33          0          4    25185    25185          0          0          0

Terminating DynamicSDDiP with status: bound_stalling
------------------------------------------------------------------------------
 ────────────────────────────────────────────────────────────────────────────────
                                        Time                    Allocations      
                               ───────────────────────   ────────────────────────
       Tot / % measured:            2.57h / 100.0%           44.4GiB / 100.0%    

 Section               ncalls     time    %tot     avg     alloc    %tot      avg
 ────────────────────────────────────────────────────────────────────────────────
 loop                       1    2.57h  100.0%   2.57h   44.4GiB  100.0%  44.4GiB
   iterations             585    2.56h  100.0%   15.8s   44.4GiB  100.0%  77.7MiB
     backward_pass        585    2.47h   96.4%   15.2s   44.1GiB   99.4%  77.2MiB
       solve_BP          176k    2.47h   96.4%  50.7ms   43.6GiB   98.3%   261KiB
         solve_dual      176k    2.47h   96.2%  50.6ms   42.5GiB   95.8%   254KiB
           solver_c...   176k    2.02h   78.8%  41.5ms    712MiB    1.6%  4.15KiB
           LP_relax...   176k    1537s   16.6%  8.76ms   28.7GiB   64.8%   172KiB
             solver...   176k    1387s   15.0%  7.90ms    516MiB    1.1%  3.01KiB
         space_change    351k   96.2ms    0.0%   274ns     0.00B    0.0%    0.00B
       update_bellman   8.78k    1.06s    0.0%   120μs    290MiB    0.6%  33.9KiB
         cut_selection  25.2k   16.8ms    0.0%   668ns   1.90MiB    0.0%    78.9B
     forward_pass         585     310s    3.4%   530ms    257MiB    0.6%   449KiB
       solve_subpro...  9.36k     310s    3.4%  33.1ms    229MiB    0.5%  25.1KiB
         solver_cal...  9.36k     308s    3.3%  32.9ms   23.3MiB    0.1%  2.54KiB
     calculate_bound      585    19.5s    0.2%  33.3ms   14.9MiB    0.0%  26.0KiB
       solver_call_...    585    19.4s    0.2%  33.2ms   1.09MiB    0.0%  1.91KiB
 ────────────────────────────────────────────────────────────────────────────────

||||||||||||||||||||||||||||||||||||||||||||||||||||||||||||||||||||||||||||||||||||||||||||||||||||||||||||||||||||||||||||||||||||||||
LAGRANGIAN DUAL SOLUTION RESULTS
mn_opt: 0 times (NaN%)
conv: 0 times (NaN%)
unbounded: 0 times (NaN%)
bound_issues: 0 times (NaN%)
subgr_stalling: 0 times (NaN%)
opt: 0 times (NaN%)
feas_issues: 0 times (NaN%)
sub: 0 times (NaN%)
mn_iter: 0 times (NaN%)
iter: 0 times (NaN%)
mn_issue: 0 times (NaN%)

||||||||||||||||||||||||||||||||||||||||||||||||||||||||||||||||||||||||||||||||||||||||||||||||||||||||||||||||||||||||||||||||||||||||
SIMULATION RESULTS
DynamicSDDiP.Simulation(DynamicSDDiP.InSampleMonteCarlo(), 1000)
Lower bound: 6030.2073538074055
Statistical upper bound (confidence interval): 8595.79399700354 ± 80.96919296415474
Pessimistic upper bound: 8676.763189967694
